-- phpMyAdmin SQL Dump
-- version phpStudy 2014
-- http://www.phpmyadmin.net
--
-- 主机: localhost
-- 生成日期: 2015 年 10 月 10 日 18:46
-- 服务器版本: 5.5.38
-- PHP 版本: 5.3.28

SET SQL_MODE="NO_AUTO_VALUE_ON_ZERO";
SET time_zone = "+00:00";


/*!40101 SET @OLD_CHARACTER_SET_CLIENT=@@CHARACTER_SET_CLIENT */;
/*!40101 SET @OLD_CHARACTER_SET_RESULTS=@@CHARACTER_SET_RESULTS */;
/*!40101 SET @OLD_COLLATION_CONNECTION=@@COLLATION_CONNECTION */;
/*!40101 SET NAMES utf8 */;

--
-- 数据库: `foodcase`
--

-- --------------------------------------------------------

--
-- 表的结构 `fd_admin`
--

CREATE TABLE IF NOT EXISTS `fd_admin` (
  `id` int(11) NOT NULL AUTO_INCREMENT,
  `username` varchar(50) NOT NULL DEFAULT '',
  `password` varchar(50) NOT NULL DEFAULT '',
  `mobile` varchar(11) NOT NULL DEFAULT '',
  `ctime` int(10) unsigned NOT NULL DEFAULT '0',
  `utime` int(10) unsigned NOT NULL DEFAULT '0',
  `permission_area` text NOT NULL COMMENT '权限表',
  PRIMARY KEY (`id`),
  UNIQUE KEY `username_3` (`username`),
  KEY `id` (`id`),
  KEY `id_2` (`id`),
  KEY `username` (`username`),
  KEY `username_2` (`username`)
) ENGINE=MyISAM  DEFAULT CHARSET=utf8 AUTO_INCREMENT=6 ;

--
-- 转存表中的数据 `fd_admin`
--

INSERT INTO `fd_admin` (`id`, `username`, `password`, `mobile`, `ctime`, `utime`, `permission_area`) VALUES
(1, 'admin', '02df2a3b62c0b221c0819c3688a2979f', '13682301034', 0, 0, ''),
(4, 'ceshi1', 'e10adc3949ba59abbe56e057f20f883e', '', 1443424792, 0, '70,69,68,67,66,65,64,63,62,61,60,59,58,57,56,55,54,53,52,85,84,83,82,81,80,79,78,77,76,75,74,73,72,71,123,88,87,86,89,90,91,92,93,94,95,96,97,122,98,99,100,101,102,103,104,105,106,107,108,109,110,111,112,113,114,115,116,118'),
(5, 'cheshi2', 'e10adc3949ba59abbe56e057f20f883e', '', 1443431898, 0, '53,52');

-- --------------------------------------------------------

--
-- 表的结构 `fd_adv`
--

CREATE TABLE IF NOT EXISTS `fd_adv` (
  `id` int(11) NOT NULL AUTO_INCREMENT,
  `title` varchar(100) NOT NULL DEFAULT '',
  `img` varchar(100) NOT NULL DEFAULT '',
  `mini_img` varchar(100) NOT NULL DEFAULT '',
  `img_id` varchar(200) NOT NULL DEFAULT '',
  `type` tinyint(3) unsigned NOT NULL DEFAULT '0' COMMENT '0为项目广告，1为外链广告',
  `isoutlink` tinyint(3) unsigned NOT NULL DEFAULT '0' COMMENT '0不是外链，1是外链',
  `fdid` int(10) unsigned NOT NULL DEFAULT '0',
  `url` varchar(200) NOT NULL DEFAULT '',
  `content` text NOT NULL,
  `ctime` int(10) unsigned NOT NULL DEFAULT '0',
  `state` tinyint(3) unsigned NOT NULL DEFAULT '1' COMMENT '1显示 0隐藏',
  `rank` tinyint(3) unsigned NOT NULL DEFAULT '0',
  PRIMARY KEY (`id`)
) ENGINE=MyISAM  DEFAULT CHARSET=utf8 AUTO_INCREMENT=23 ;

--
-- 转存表中的数据 `fd_adv`
--

INSERT INTO `fd_adv` (`id`, `title`, `img`, `mini_img`, `img_id`, `type`, `isoutlink`, `fdid`, `url`, `content`, `ctime`, `state`, `rank`) VALUES
(16, '测试广告--项目广告', '/foodcase/Uploads/adv/change_small/144230314690633.jpg', '/foodcase/Uploads/adv/change_small/144230314696194.jpg', '', 0, 0, 0, '', '&lt;p&gt;											&lt;/p&gt;&lt;p&gt;&lt;br/&gt;&lt;/p&gt;&lt;p&gt;\r\n											测试广告 项目广告&lt;/p&gt;&lt;p&gt;&lt;br/&gt;&lt;/p&gt;&lt;p&gt;											&lt;/p&gt;', 1442303146, 1, 1),
(17, '链接广告---内部链接', '/foodcase/Uploads/adv/change_small/144230362694296.jpg', '/foodcase/Uploads/adv/change_small/144230362618423.jpg', '', 1, 0, 0, '', '&lt;p&gt;											&lt;/p&gt;&lt;p&gt;&lt;br/&gt;&lt;/p&gt;&lt;p&gt;&lt;br/&gt;&lt;/p&gt;&lt;p&gt;\r\n											填写你的内容刚打算干啥地方噶速度更发生大发都是&lt;/p&gt;&lt;p&gt;&lt;br/&gt;&lt;/p&gt;&lt;p&gt;&lt;br/&gt;&lt;/p&gt;&lt;p&gt;											&lt;/p&gt;', 1442303626, 1, 2),
(18, '链接广告--外链广告', '/foodcase/Uploads/adv/change_small/144230415845045.jpg', '/foodcase/Uploads/adv/change_small/144230415871033.jpg', '', 0, 1, 0, 'www.baidu.com', '&lt;p&gt;											&lt;/p&gt;&lt;p&gt;&lt;br/&gt;&lt;/p&gt;&lt;p&gt;&lt;br/&gt;&lt;/p&gt;&lt;p&gt;\r\n											填写你的内容范德萨发生的发生大仿盛大&lt;/p&gt;&lt;p&gt;&lt;br/&gt;&lt;/p&gt;&lt;p&gt;&lt;br/&gt;&lt;/p&gt;&lt;p&gt;											&lt;/p&gt;', 1442304158, 1, 4),
(19, '蒙牛早餐奶测试', '/foodcase/Uploads/adv/change_small/144230422956448.jpg', '/foodcase/Uploads/adv/change_small/144230422901784.jpg', '', 0, 0, 10, '', '&lt;p&gt;\r\n											填写你的内容											 &lt;/p&gt;', 1442304229, 1, 6),
(20, '额呵呵呵呵呵', '/foodcase/Uploads/adv/change_small/144230429376072.jpg', '/foodcase/Uploads/adv/change_small/144230429323692.jpg', '', 1, 0, 0, 'http://www.caiq.org.cn/', '&lt;p&gt;\r\n											填写你的内容											 &lt;/p&gt;', 1442304293, 1, 3);

-- --------------------------------------------------------

--
-- 表的结构 `fd_controller`
--

CREATE TABLE IF NOT EXISTS `fd_controller` (
  `id` int(11) NOT NULL AUTO_INCREMENT,
  `name` varchar(100) NOT NULL DEFAULT '',
  `content` varchar(100) NOT NULL DEFAULT '',
  PRIMARY KEY (`id`)
) ENGINE=MyISAM  DEFAULT CHARSET=utf8 AUTO_INCREMENT=22 ;

--
-- 转存表中的数据 `fd_controller`
--

INSERT INTO `fd_controller` (`id`, `name`, `content`) VALUES
(19, 'Adv', '广告管理'),
(20, 'System', '套餐管理'),
(21, 'Sendmessage', '消息管理'),
(18, 'Organ', '机构管理'),
(17, 'Product', '产品管理'),
(16, 'Funding', '项目管理'),
(15, 'User', '用户管理');

-- --------------------------------------------------------

--
-- 表的结构 `fd_details`
--

CREATE TABLE IF NOT EXISTS `fd_details` (
  `id` int(11) NOT NULL AUTO_INCREMENT,
  `title` varchar(100) NOT NULL DEFAULT '',
  `content` varchar(1000) NOT NULL DEFAULT '',
  `information` text NOT NULL,
  PRIMARY KEY (`id`)
) ENGINE=MyISAM  DEFAULT CHARSET=utf8 AUTO_INCREMENT=5 ;

--
-- 转存表中的数据 `fd_details`
--

INSERT INTO `fd_details` (`id`, `title`, `content`, `information`) VALUES
(1, '发的发大厦', '&lt;p&gt;											&lt;/p&gt;&lt;p&gt;\r\n											检测内容											 &lt;/p&gt;&lt;p&gt;											&lt;/p&gt;', '&lt;p&gt;											&lt;/p&gt;&lt;p&gt;\r\n											&lt;strong&gt;相关知识介绍&lt;/strong&gt;											 &lt;/p&gt;&lt;p&gt;											&lt;/p&gt;'),
(2, '发大水了法的精髓', '&lt;p&gt;\r\n											&lt;span style=&quot;color: rgb(255, 0, 0);&quot;&gt;放大发生&lt;/span&gt;\r\n											 &lt;/p&gt;', '&lt;p&gt;\r\n											&lt;span style=&quot;color: rgb(0, 176, 80);&quot;&gt;发大水发的撒范德萨&lt;/span&gt;\r\n											 &lt;/p&gt;'),
(3, '发大水了法的精髓', '&lt;p&gt;											&lt;/p&gt;&lt;p&gt;&lt;span style=&quot;color: rgb(255, 0, 0);&quot;&gt;放大发生&lt;/span&gt;\r\n											 &lt;/p&gt;&lt;p&gt;											&lt;/p&gt;', '&lt;p&gt;											&lt;/p&gt;&lt;p&gt;&lt;span style=&quot;color: rgb(0, 176, 80);&quot;&gt;发大水发的撒范德萨&lt;/span&gt;\r\n											 &lt;/p&gt;&lt;p&gt;											&lt;/p&gt;');

-- --------------------------------------------------------

--
-- 表的结构 `fd_food_classify`
--

CREATE TABLE IF NOT EXISTS `fd_food_classify` (
  `id` int(10) unsigned NOT NULL AUTO_INCREMENT,
  `pid` int(10) unsigned NOT NULL DEFAULT '0',
  `state` tinyint(3) unsigned NOT NULL DEFAULT '1' COMMENT '是否显示1显示 0不显示',
  `name` varchar(50) NOT NULL DEFAULT '',
  PRIMARY KEY (`id`)
) ENGINE=MyISAM  DEFAULT CHARSET=utf8 AUTO_INCREMENT=112 ;

--
-- 转存表中的数据 `fd_food_classify`
--

INSERT INTO `fd_food_classify` (`id`, `pid`, `state`, `name`) VALUES
(103, 82, 1, '味精'),
(102, 82, 1, '食醋'),
(101, 82, 1, '酱油'),
(100, 83, 1, '乳制品'),
(99, 83, 1, '婴幼儿奶粉'),
(98, 83, 1, '酸奶'),
(97, 83, 1, '鲜牛奶'),
(96, 83, 1, '酸乳'),
(95, 83, 1, '大豆奶粉'),
(94, 84, 1, '腊肉'),
(93, 84, 1, '腊肠'),
(92, 84, 1, '火腿肠'),
(90, 84, 1, '肉干'),
(91, 84, 1, '鲜肉类'),
(89, 85, 1, '果子'),
(88, 85, 1, '白酒'),
(87, 85, 1, '月饼'),
(86, 85, 1, '粽子'),
(85, 0, 1, '节日食品'),
(84, 0, 1, '肉制品'),
(83, 0, 1, '乳制品'),
(82, 0, 1, '调味剂'),
(81, 0, 1, '粮食加工品'),
(79, 35, 1, '铁皮石斛'),
(80, 35, 1, '冬虫夏草'),
(104, 82, 1, '鸡精'),
(105, 82, 1, '酱'),
(106, 81, 1, '面粉'),
(107, 81, 1, '大米'),
(108, 81, 1, '挂面'),
(109, 81, 1, '植物油'),
(110, 81, 1, '食用油脂'),
(111, 81, 1, '动物油脂');

-- --------------------------------------------------------

--
-- 表的结构 `fd_fundings`
--

CREATE TABLE IF NOT EXISTS `fd_fundings` (
  `id` int(11) NOT NULL AUTO_INCREMENT,
  `pjname` varchar(100) NOT NULL DEFAULT '' COMMENT '项目名称',
  `pdname` varchar(100) NOT NULL DEFAULT '' COMMENT '产品名字',
  `brand` varchar(100) NOT NULL DEFAULT '' COMMENT '品牌名称',
  `content` text NOT NULL COMMENT '产品信息描述',
  `first_categoryid` int(10) unsigned NOT NULL DEFAULT '0' COMMENT '一级分类',
  `second_categoryid` int(10) unsigned NOT NULL DEFAULT '0' COMMENT '二级分类',
  `packageid` int(10) unsigned NOT NULL DEFAULT '0' COMMENT '套餐类型',
  `institutionid` int(10) unsigned NOT NULL DEFAULT '0',
  `emoney` int(10) unsigned NOT NULL DEFAULT '0',
  `state` tinyint(3) unsigned NOT NULL DEFAULT '0',
  `ctime` int(10) unsigned NOT NULL DEFAULT '0',
  `btime` int(10) unsigned NOT NULL DEFAULT '0',
  `etime` int(10) unsigned NOT NULL DEFAULT '0',
  `logo` varchar(100) NOT NULL DEFAULT '' COMMENT '记录图片id',
  `mid` int(10) unsigned NOT NULL DEFAULT '0',
  `sampleid` varchar(200) NOT NULL DEFAULT '',
  `samnum` int(10) unsigned NOT NULL DEFAULT '0',
  `location` varchar(100) NOT NULL DEFAULT '',
  `result` tinyint(3) unsigned NOT NULL DEFAULT '0' COMMENT '1合格 2不合格 0初始值',
  `testreportid` varchar(100) NOT NULL DEFAULT '',
  `rank` int(10) unsigned NOT NULL DEFAULT '0' COMMENT '项目的排序',
  `frometype` tinyint(3) unsigned NOT NULL DEFAULT '0' COMMENT '0 默认 1安卓 2苹果',
  `pid` int(10) unsigned NOT NULL DEFAULT '0' COMMENT '关联产品',
  `finish` int(11) unsigned NOT NULL DEFAULT '0' COMMENT '已完成的众筹金额',
  PRIMARY KEY (`id`)
) ENGINE=MyISAM  DEFAULT CHARSET=utf8 AUTO_INCREMENT=61 ;

--
-- 转存表中的数据 `fd_fundings`
--

INSERT INTO `fd_fundings` (`id`, `pjname`, `pdname`, `brand`, `content`, `first_categoryid`, `second_categoryid`, `packageid`, `institutionid`, `emoney`, `state`, `ctime`, `btime`, `etime`, `logo`, `mid`, `sampleid`, `samnum`, `location`, `result`, `testreportid`, `rank`, `frometype`, `pid`, `finish`) VALUES
(10, '蒙牛精选牧场纯牛奶检测', '蒙牛精选牧场纯牛奶', '蒙牛', '蒙牛精选牧场纯牛奶检测', 83, 97, 11, 18, 4000, 1, 1441855635, 1441814400, 1446134400, '', 10, '', 10, '深圳市南山区', 1, '', 1, 0, 0, 1000),
(11, '农夫山泉矿泉水', '农夫山泉矿泉水', '农夫山泉', '农夫山泉矿泉水', 85, 88, 11, 20, 3212, 2, 1441855729, 1441814400, 1444320000, '', 11, '', 11, '深圳市南山区', 1, '', 2, 0, 0, 200),
(12, '统一老坛酸菜牛肉面', '统一老坛酸菜牛肉面', '统一', '统一老坛酸菜牛肉面', 81, 108, 12, 18, 4234, 3, 1441855788, 1441814400, 1443542400, '', 11, '', 11, '深圳市南山区', 1, '', 3, 0, 0, 0),
(13, '花露水花生油', '花露水花生油', '花露水', '花露水花生油检测', 81, 109, 12, 18, 1300, 4, 1441855861, 1442937600, 1443542400, '', 11, '', 11, '深圳市南山区', 1, '', 4, 0, 0, 1300),
(14, '双汇火腿肠', '双汇火腿肠', '双汇', '双汇火腿肠', 84, 92, 11, 17, 3000, 5, 1441855967, 1442419200, 1444233600, '', 11, '', 11, '深圳市南山区', 1, '', 5, 0, 0, 0),
(15, '蒙牛精选牧场纯牛奶检测', '蒙牛精选牧场纯牛奶', '蒙牛', '蒙牛精选牧场纯牛奶检测', 83, 97, 11, 18, 4000, 1, 1441855635, 1441814400, 1446134400, '', 10, '', 10, '深圳市南山区', 1, '', 1, 0, 0, 1000),
(16, '农夫山泉矿泉水', '农夫山泉矿泉水', '农夫山泉', '农夫山泉矿泉水', 85, 88, 11, 20, 3212, 2, 1441855729, 1441814400, 1444320000, '', 11, '', 11, '深圳市南山区', 1, '', 2, 0, 0, 200),
(17, '统一老坛酸菜牛肉面', '统一老坛酸菜牛肉面', '统一', '统一老坛酸菜牛肉面', 81, 108, 12, 18, 4234, 3, 1441855788, 1441814400, 1443542400, '', 11, '', 11, '深圳市南山区', 1, '', 3, 0, 0, 0),
(18, '花露水花生油', '花露水花生油', '花露水', '花露水花生油检测', 81, 109, 12, 18, 1300, 4, 1441855861, 1442937600, 1443542400, '', 11, '', 11, '深圳市南山区', 1, '', 4, 0, 0, 1300),
(19, '双汇火腿肠', '双汇火腿肠', '双汇', '双汇火腿肠', 84, 92, 11, 17, 3000, 5, 1441855967, 1442419200, 1444233600, '', 11, '', 11, '深圳市南山区', 1, '', 5, 0, 0, 0),
(20, '蒙牛精选牧场纯牛奶检测', '蒙牛精选牧场纯牛奶', '蒙牛', '蒙牛精选牧场纯牛奶检测', 83, 97, 11, 18, 4000, 1, 1441855635, 1441814400, 1446134400, '', 10, '', 10, '深圳市南山区', 1, '', 1, 0, 0, 1000),
(21, '农夫山泉矿泉水', '农夫山泉矿泉水', '农夫山泉', '农夫山泉矿泉水', 85, 88, 11, 20, 3212, 2, 1441855729, 1441814400, 1444320000, '', 11, '', 11, '深圳市南山区', 1, '', 2, 0, 0, 200),
(22, '统一老坛酸菜牛肉面', '统一老坛酸菜牛肉面', '统一', '统一老坛酸菜牛肉面', 81, 108, 12, 18, 4234, 3, 1441855788, 1441814400, 1443542400, '', 11, '', 11, '深圳市南山区', 1, '', 3, 0, 0, 0),
(23, '花露水花生油', '花露水花生油', '花露水', '花露水花生油检测', 81, 109, 12, 18, 1300, 4, 1441855861, 1442937600, 1443542400, '', 11, '', 11, '深圳市南山区', 1, '', 4, 0, 0, 1300),
(24, '双汇火腿肠', '双汇火腿肠', '双汇', '双汇火腿肠', 84, 92, 11, 17, 3000, 5, 1441855967, 1442419200, 1444233600, '', 11, '', 11, '深圳市南山区', 1, '', 5, 0, 0, 0),
(25, '蒙牛精选牧场纯牛奶检测', '蒙牛精选牧场纯牛奶', '蒙牛', '蒙牛精选牧场纯牛奶检测', 83, 97, 11, 18, 4000, 1, 1441855635, 1441814400, 1446134400, '', 10, '', 10, '深圳市南山区', 1, '', 1, 0, 0, 1000),
(26, '农夫山泉矿泉水', '农夫山泉矿泉水', '农夫山泉', '农夫山泉矿泉水', 85, 88, 11, 20, 3212, 3, 1443431291, 1441814400, 1444320000, '', 49, '', 11, '深圳市南山区', 1, '', 2, 0, 0, 200),
(27, '统一老坛酸菜牛肉面', '统一老坛酸菜牛肉面', '统一', '统一老坛酸菜牛肉面', 81, 108, 12, 18, 4234, 3, 1441855788, 1441814400, 1443542400, '', 11, '', 11, '深圳市南山区', 1, '', 3, 0, 0, 0),
(28, '花露水花生油', '花露水花生油', '花露水', '花露水花生油检测', 81, 109, 12, 18, 1300, 4, 1441855861, 1442937600, 1443542400, '', 11, '', 11, '深圳市南山区', 1, '', 4, 0, 0, 1300),
(29, '双汇火腿肠', '双汇火腿肠', '双汇', '双汇火腿肠', 84, 92, 11, 17, 3000, 5, 1441855967, 1442419200, 1444233600, '', 11, '', 11, '深圳市南山区', 1, '', 5, 0, 0, 0),
(30, '给你在', '在家', '在家', '', 0, 0, 14, 17, 3000, 1, 1442154314, 0, 0, '', 53, '', 0, '', 0, '', 0, 0, 0, 0),
(31, 'abc', 'abdc', 'abdc', '', 0, 0, 11, 19, 5400, 1, 1442156167, 0, 0, '', 52, '', 0, '', 0, '', 0, 0, 0, 0),
(32, '下', '下', '下', '', 0, 0, 14, 20, 3000, 1, 1442160464, 0, 0, '', 53, '', 0, '', 0, '', 0, 0, 0, 0),
(33, '的', '有', '有', '', 0, 0, 11, 19, 5400, 1, 1442194602, 0, 0, '', 53, '', 0, '', 0, '', 0, 0, 0, 0),
(34, 'fggb', 'gvgg', 'gvgg', '', 0, 0, 14, 20, 3000, 1, 1442195013, 0, 0, '', 53, '', 0, '', 0, '', 0, 0, 0, 0),
(35, 'bbbbb', 'bhhh', 'bhhh', '', 0, 0, 14, 18, 3000, 1, 1442195061, 0, 0, '', 53, '', 0, '', 0, '', 0, 0, 0, 0),
(36, 'ggg', 'ggg', 'ggg', '', 0, 0, 14, 19, 3000, 1, 1442195199, 0, 0, '', 53, '', 0, '', 0, '', 0, 0, 0, 0),
(37, 'ffdshow', 'ffdshow', 'ffdshow', '', 0, 0, 14, 19, 3000, 1, 1442195285, 0, 0, '', 53, '', 0, '', 0, '', 0, 0, 0, 0),
(38, 'abcde', 'aa', 'aa', '', 0, 0, 14, 19, 3000, 1, 1442195349, 0, 0, '', 52, '', 0, '', 0, '', 0, 0, 0, 0),
(39, 'ffdshowV', 'happy', 'happy', '', 0, 0, 14, 19, 3000, 0, 1442196551, 0, 0, '', 53, '', 0, '', 0, '', 0, 0, 0, 0),
(40, 'njj', 'hh', 'hh', '', 0, 0, 14, 19, 3000, 0, 1442198559, 0, 0, '', 53, '', 0, '', 0, '', 0, 0, 0, 0),
(41, 'hhqgw', 'ffclass', 'ffclass', '', 0, 0, 14, 20, 3000, 1, 1442198654, 0, 0, '', 53, '', 0, '', 0, '', 0, 0, 0, 0),
(42, 'ggg', 'vvv', 'vvv', '', 0, 0, 14, 20, 3000, 0, 1442198711, 0, 0, '', 53, '', 0, '', 0, '', 0, 0, 0, 0),
(43, 'ghhj', 'bhhf', 'bhhf', '', 0, 0, 14, 20, 3000, 1, 1442198810, 0, 0, '', 53, '', 0, '', 0, '', 0, 0, 0, 0),
(44, 'vvghhj', 'hhhg', 'hhhg', '', 0, 0, 11, 19, 5400, 0, 1443008531, 0, 0, '', 49, '', 0, '', 1, '', 0, 0, 0, 0),
(45, 'fggbbb', 'vhhhhhh', 'vhhhhhh', '', 0, 0, 12, 20, 3200, 0, 1443007846, 0, 0, '', 49, '', 0, '', 1, '', 0, 0, 0, 0),
(46, 'ttgg', 'ggmm', 'ggmm', '', 0, 0, 13, 17, 2900, 1, 1444473772, 0, 0, '', 55, '', 0, '', 1, '', 0, 0, 0, 0),
(47, 'lllll', 'vvghhj', 'vvghhj', '', 0, 0, 11, 19, 5400, 1, 1444473619, 0, 0, '', 55, '', 0, '', 1, '', 0, 0, 0, 0),
(48, '4578986', 'GGJJ', 'GGJJ', '', 0, 0, 11, 18, 5400, 1, 1443080282, 0, 0, '', 49, '', 0, '', 1, '', 0, 0, 0, 0),
(49, '457909', 'tyio', 'tyio', '', 0, 0, 14, 19, 3000, 1, 1442199782, 0, 0, '', 53, '', 0, '', 0, '', 0, 0, 0, 0),
(50, '77777', 'yyyg', 'yyyg', '', 0, 0, 12, 19, 3200, 1, 1442199870, 0, 0, '', 53, '', 0, '', 0, '', 0, 0, 0, 0),
(51, 'ccff', 'gggg', 'gggg', '', 0, 0, 11, 19, 5400, 1, 1442199986, 0, 0, '', 53, '', 0, '', 0, '', 0, 0, 0, 0),
(52, 'xx', 'ds', 'ds', '', 0, 0, 11, 19, 5400, 1, 1444473523, 0, 0, '', 55, '105,106', 0, '', 1, '', 0, 0, 0, 0),
(53, 'ffg', 'GG', 'GG', '', 0, 0, 14, 19, 3000, 1, 1442478865, 0, 0, '', 53, '', 0, '', 1, '', 0, 0, 0, 0),
(54, 'tt', 'gg', 'gg', '', 0, 0, 14, 19, 3000, 1, 1442200532, 0, 0, '', 53, '', 0, '', 0, '', 0, 0, 0, 0),
(55, 'ffdshow', 'gg', 'gg', '', 0, 0, 14, 19, 3000, 1, 1442200715, 0, 0, '', 53, '', 0, '', 0, '', 0, 0, 0, 0),
(56, 'ffdshow', 'gg', 'gg', '', 0, 0, 14, 19, 3000, 1, 1442200802, 0, 0, '', 53, '', 0, '', 0, '', 0, 0, 0, 0),
(57, 'yyyg', 'gg', 'gg', '', 0, 0, 14, 19, 3000, 1, 1442200960, 0, 0, '', 53, '', 0, '', 0, '', 0, 0, 0, 0),
(58, '顶顶顶顶顶顶顶顶顶顶', '顶顶顶顶顶顶顶顶顶', '大大大滴滴答答', '的顶顶顶顶顶的顶顶顶顶顶顶顶顶顶顶顶顶顶顶顶', 85, 87, 11, 18, 6444, 1, 1443080261, 1442332800, 1444406400, '', 49, '', 11, '顶顶顶顶顶顶顶顶顶顶顶顶顶', 1, '', 4, 0, 0, 2123),
(59, 'qqqqqqqqqqqqqqqqqqqqqqqqqqqq', 'qqqqqqqqqqqqqqqqqqqqqqqqq', 'qqqqqqqqqqqqqqqqqqqqqqqqqq', 'qqqqqqqqqqqqqqqqqqqqqqqqqqqqq', 82, 103, 11, 17, 24444, 1, 1443080248, 1442246400, 1444320000, '', 49, '', 11, '的所发生的发送', 1, '', 6, 0, 0, 1222),
(60, 'ssssssssssssssssssssssssssssss', 'ssssssssssssssssssssssssssssss', 'ssssssssssssssssssssssssssssss', 'sssssssssssssssssssssssssssss', 83, 98, 14, 17, 4444, 1, 1443080517, 1442419200, 1443715200, '37', 49, '', 22, 'ssssssssssssssssssssssssss', 1, '1', 2, 0, 0, 1222);

-- --------------------------------------------------------

--
-- 表的结构 `fd_fundings_comment`
--

CREATE TABLE IF NOT EXISTS `fd_fundings_comment` (
  `id` int(11) NOT NULL AUTO_INCREMENT,
  `fdid` int(10) unsigned NOT NULL DEFAULT '0',
  `content` text NOT NULL,
  `mid` int(10) unsigned NOT NULL DEFAULT '0',
  `ctime` int(10) unsigned NOT NULL DEFAULT '0',
  `state` tinyint(3) unsigned NOT NULL DEFAULT '1',
  PRIMARY KEY (`id`)
) ENGINE=MyISAM DEFAULT CHARSET=utf8 AUTO_INCREMENT=1 ;

-- --------------------------------------------------------

--
-- 表的结构 `fd_fundings_image`
--

CREATE TABLE IF NOT EXISTS `fd_fundings_image` (
  `id` int(11) NOT NULL AUTO_INCREMENT,
  `img_url` varchar(100) NOT NULL DEFAULT '',
  PRIMARY KEY (`id`)
) ENGINE=MyISAM  DEFAULT CHARSET=utf8 AUTO_INCREMENT=107 ;

--
-- 转存表中的数据 `fd_fundings_image`
--

INSERT INTO `fd_fundings_image` (`id`, `img_url`) VALUES
(100, '/foodcase/Uploads/fundings/original/2015-09-21/55ffb64ec4f86.jpg'),
(99, '/foodcase/Uploads/fundings/original/2015-09-21/55ffb64a80f9f.jpg'),
(98, '/foodcase/Uploads/fundings/original/2015-09-21/55ffb6455b3d1.jpg'),
(97, '/foodcase/Uploads/fundings/original/2015-09-21/55ffb63f8a80c.jpg'),
(96, '/foodcase/Uploads/fundings/original/2015-09-21/55ffb63b7df92.jpg'),
(95, '/foodcase/Uploads/fundings/original/2015-09-21/55ffb63747f59.jpg'),
(94, '/foodcase/Uploads/fundings/original/2015-09-21/55ffaa05990a0.jpg'),
(93, '/foodcase/Uploads/fundings/original/2015-09-21/55ffa96a02666.jpg'),
(92, '/foodcase/Uploads/fundings/original/2015-09-21/55ffa9625df42.jpg'),
(91, '/foodcase/Uploads/fundings/original/2015-09-21/55ffa2311ecd8.jpg'),
(90, '/foodcase/Uploads/fundings/original/2015-09-21/55ffa227a29d8.jpg'),
(89, '/foodcase/Uploads/fundings/original/2015-09-21/55ff9fb51603e.jpg'),
(88, '/foodcase/Uploads/fundings/original/2015-09-21/55ff9f5e861d8.jpg'),
(87, '/foodcase/Uploads/fundings/original/2015-09-21/55ff9d0c57c00.jpg'),
(86, '/foodcase/Uploads/fundings/original/2015-09-21/55ff9cfd9132d.jpeg'),
(85, '/foodcase/Uploads/fundings/original/2015-09-21/55ff9cd3152b4.jpeg'),
(84, '/foodcase/Uploads/fundings/original/2015-09-21/55ff9cb4d948d.jpg'),
(83, '/foodcase/Uploads/fundings/original/2015-09-21/55ff9c95687a9.jpeg'),
(82, '/foodcase/Uploads/fundings/original/2015-09-21/55ff9c5048e88.jpeg'),
(81, '/foodcase/Uploads/fundings/original/2015-09-21/55ff951f7d4a2.jpg'),
(80, '/foodcase/Uploads/fundings/original/2015-09-21/55ff91ed354c1.jpg'),
(79, '/foodcase/Uploads/fundings/original/2015-09-18/55fbd52fa943b.jpg'),
(78, '/foodcase/Uploads/fundings/original/2015-09-18/55fbd52b8733a.jpg'),
(77, '/foodcase/Uploads/fundings/original/2015-09-18/55fbd5277dbfc.jpg'),
(76, '/foodcase/Uploads/fundings/original/2015-09-18/55fbd522846ce.jpg'),
(75, '/foodcase/Uploads/fundings/original/2015-09-18/55fbd51cd0078.jpg'),
(74, '/foodcase/Uploads/fundings/original/2015-09-18/55fbd50a62ce2.jpeg'),
(67, '/foodcase/Uploads/'),
(68, '/foodcase/Uploads/'),
(69, '/foodcase/Uploads/'),
(70, '/foodcase/Uploads/'),
(71, '/foodcase/Uploads/'),
(72, '/foodcase/Uploads/'),
(73, '/foodcase/Uploads/fundings/original/2015-09-18/55fbd3c1e4cc3.jpeg'),
(101, '/foodcase/Uploads/fundings/original/2015-09-21/55ffb65383616.jpg'),
(102, '/foodcase/Uploads/fundings/original/2015-09-21/55ffb65826d62.jpg'),
(103, '/foodcase/Uploads/fundings/original/2015-09-21/55ffb65cf3108.jpg'),
(104, '/foodcase/Uploads/fundings/original/2015-09-21/55ffb6688c668.jpg'),
(105, '/foodcase/Uploads/fundings/original/2015-09-21/55ffba4b7cffe.jpg'),
(106, '/foodcase/Uploads/fundings/original/2015-09-21/55ffba504e311.jpg');

-- --------------------------------------------------------

--
-- 表的结构 `fd_fundings_package`
--

CREATE TABLE IF NOT EXISTS `fd_fundings_package` (
  `id` int(11) NOT NULL AUTO_INCREMENT,
  `name` varchar(50) NOT NULL DEFAULT '',
  `price` int(10) unsigned NOT NULL DEFAULT '0',
  `items` varchar(1000) NOT NULL DEFAULT '',
  `institutionid` varchar(1000) NOT NULL DEFAULT '',
  `classifyid` varchar(1000) NOT NULL DEFAULT '',
  `classify` int(10) unsigned NOT NULL DEFAULT '0' COMMENT '主分类ID',
  `content` text NOT NULL,
  `information` text NOT NULL,
  PRIMARY KEY (`id`)
) ENGINE=MyISAM  DEFAULT CHARSET=utf8 AUTO_INCREMENT=16 ;

--
-- 转存表中的数据 `fd_fundings_package`
--

INSERT INTO `fd_fundings_package` (`id`, `name`, `price`, `items`, `institutionid`, `classifyid`, `classify`, `content`, `information`) VALUES
(13, '食品添加剂检测', 2900, '51,52,59,60,61,62,63,64,65,73,74', '19,20', '100,99,98,97,95', 83, '', ''),
(12, '常规理化检测', 3200, '48,49,50,51,52,54,55,56,57,58,68', '19,18,17', '89,87,86', 85, '', ''),
(11, '微生物检测', 5400, '44,43,42,41,40,39,38,37,36,35,34,33,31,30,28,29,45,46', '17,20', '94,93,92,91', 84, '', ''),
(14, '重金属检测', 3000, '55,56,75,76,77,78,79', '20', '106,107,108,109,110,111', 81, '', ''),
(15, '微生物检测检测检测', 5000, '44,43,42,33,32,50,61,62,71,72,84', '18', '102,101', 82, '&lt;p&gt;											&lt;/p&gt;&lt;p&gt;&lt;span style=&quot;color: rgb(255, 0, 0);&quot;&gt;发的发大厦发大水发撒的发大厦放大发生范德萨范德萨&lt;/span&gt;&lt;/p&gt;&lt;p&gt;											&lt;/p&gt;', '&lt;p&gt;\n											&lt;span style=&quot;color: rgb(192, 0, 0);&quot;&gt;发达发大水发的撒发大水发大厦&lt;/span&gt;\n											 &lt;/p&gt;');

-- --------------------------------------------------------

--
-- 表的结构 `fd_fundings_sponsor`
--

CREATE TABLE IF NOT EXISTS `fd_fundings_sponsor` (
  `id` int(11) NOT NULL AUTO_INCREMENT,
  `mid` int(10) unsigned NOT NULL DEFAULT '0',
  `paytype` tinyint(3) unsigned NOT NULL DEFAULT '0',
  `paytime` int(10) unsigned NOT NULL DEFAULT '0',
  `money` int(10) unsigned NOT NULL DEFAULT '0',
  `fid` int(10) unsigned NOT NULL DEFAULT '0',
  `status` tinyint(3) unsigned NOT NULL DEFAULT '0',
  `type` tinyint(3) unsigned NOT NULL DEFAULT '0' COMMENT '0普通用户  1发起用户',
  PRIMARY KEY (`id`)
) ENGINE=MyISAM  DEFAULT CHARSET=utf8 AUTO_INCREMENT=138 ;

--
-- 转存表中的数据 `fd_fundings_sponsor`
--

INSERT INTO `fd_fundings_sponsor` (`id`, `mid`, `paytype`, `paytime`, `money`, `fid`, `status`, `type`) VALUES
(1, 49, 1, 1441876978, 200, 26, 1, 0),
(2, 50, 2, 1441876978, 342, 26, 0, 0),
(9, 12, 1, 1441876978, 3454, 10, 0, 0),
(10, 12, 3, 1441876978, 5434, 10, 0, 0),
(11, 10, 1, 1441876978, 200, 10, 1, 0),
(12, 12, 2, 1441876978, 342, 10, 0, 0),
(13, 13, 3, 1441876978, 234, 10, 0, 0),
(14, 12, 1, 1441876978, 3454, 10, 0, 0),
(15, 12, 3, 1441876978, 5434, 10, 0, 0),
(16, 10, 1, 1441876978, 200, 10, 1, 0),
(17, 12, 2, 1441876978, 342, 10, 0, 0),
(18, 13, 3, 1441876978, 234, 10, 0, 0),
(19, 12, 1, 1441876978, 3454, 10, 0, 0),
(20, 12, 3, 1441876978, 5434, 10, 0, 0),
(21, 10, 1, 1441876978, 200, 10, 1, 0),
(22, 12, 2, 1441876978, 342, 10, 0, 0),
(23, 13, 3, 1441876978, 234, 10, 0, 0),
(24, 12, 1, 1441876978, 3454, 10, 0, 0),
(25, 12, 3, 1441876978, 5434, 10, 0, 0),
(26, 10, 1, 1441876978, 200, 10, 1, 0),
(27, 12, 2, 1441876978, 342, 10, 0, 0),
(28, 13, 3, 1441876978, 234, 10, 0, 0),
(29, 12, 1, 1441876978, 3454, 10, 0, 0),
(30, 12, 3, 1441876978, 5434, 10, 0, 0),
(31, 10, 1, 1441876978, 200, 10, 1, 0),
(32, 12, 2, 1441876978, 342, 10, 0, 0),
(33, 13, 3, 1441876978, 234, 10, 0, 0),
(34, 12, 1, 1441876978, 3454, 10, 0, 0),
(35, 12, 3, 1441876978, 5434, 10, 0, 0),
(36, 10, 1, 1441876978, 200, 10, 1, 0),
(37, 12, 2, 1441876978, 342, 10, 1, 0),
(38, 13, 3, 1441876978, 234, 10, 1, 0),
(39, 12, 1, 1441876978, 3454, 10, 1, 0),
(40, 12, 3, 1441876978, 5434, 10, 1, 0),
(41, 10, 1, 1441876978, 200, 10, 1, 0),
(42, 12, 2, 1441876978, 342, 10, 1, 0),
(43, 13, 3, 1441876978, 234, 10, 1, 0),
(44, 12, 1, 1441876978, 3454, 10, 1, 0),
(45, 12, 3, 1441876978, 5434, 10, 1, 0),
(46, 10, 1, 1441876978, 200, 10, 1, 0),
(47, 12, 2, 1441876978, 342, 10, 1, 0),
(48, 13, 3, 1441876978, 234, 10, 1, 0),
(49, 12, 1, 1441876978, 3454, 10, 1, 0),
(50, 12, 3, 1441876978, 5434, 10, 1, 0),
(51, 10, 1, 1441876978, 200, 10, 1, 0),
(52, 12, 2, 1441876978, 342, 10, 1, 0),
(53, 13, 3, 1441876978, 234, 10, 1, 0),
(54, 12, 1, 1441876978, 3454, 10, 1, 0),
(55, 12, 3, 1441876978, 5434, 10, 1, 0),
(56, 10, 1, 1441876978, 200, 10, 1, 0),
(57, 12, 2, 1441876978, 342, 10, 1, 0),
(58, 13, 3, 1441876978, 234, 10, 1, 0),
(59, 12, 1, 1441876978, 3454, 10, 1, 0),
(60, 12, 3, 1441876978, 5434, 10, 1, 0),
(61, 10, 1, 1441876978, 200, 11, 1, 0),
(62, 12, 2, 1441876978, 342, 11, 1, 0),
(63, 13, 3, 1441876978, 234, 11, 1, 0),
(64, 12, 1, 1441876978, 3454, 11, 1, 0),
(65, 12, 3, 1441876978, 5434, 11, 1, 0),
(66, 10, 1, 1441876978, 200, 11, 1, 0),
(67, 12, 2, 1441876978, 342, 11, 1, 0),
(68, 13, 3, 1441876978, 234, 11, 1, 0),
(69, 12, 1, 1441876978, 3454, 11, 1, 0),
(70, 12, 3, 1441876978, 5434, 11, 1, 0),
(71, 10, 1, 1441876978, 200, 11, 1, 0),
(72, 12, 2, 1441876978, 342, 11, 1, 0),
(73, 13, 3, 1441876978, 234, 11, 1, 0),
(74, 12, 1, 1441876978, 3454, 11, 1, 0),
(75, 12, 3, 1441876978, 5434, 11, 1, 0),
(76, 10, 1, 1441876978, 200, 11, 1, 0),
(77, 12, 2, 1441876978, 342, 11, 1, 0),
(78, 13, 3, 1441876978, 234, 11, 1, 0),
(79, 12, 1, 1441876978, 3454, 11, 1, 0),
(80, 12, 3, 1441876978, 5434, 11, 1, 0),
(81, 10, 1, 1441876978, 200, 12, 1, 0),
(82, 12, 2, 1441876978, 342, 12, 1, 0),
(83, 13, 3, 1441876978, 234, 12, 1, 0),
(84, 12, 1, 1441876978, 3454, 12, 1, 0),
(85, 12, 3, 1441876978, 5434, 12, 1, 0),
(86, 10, 1, 1441876978, 200, 12, 1, 0),
(87, 12, 2, 1441876978, 342, 12, 1, 0),
(88, 13, 3, 1441876978, 234, 12, 1, 0),
(89, 12, 1, 1441876978, 3454, 12, 1, 0),
(90, 12, 3, 1441876978, 5434, 12, 1, 0),
(91, 10, 1, 1441876978, 200, 12, 1, 0),
(92, 12, 2, 1441876978, 342, 12, 1, 0),
(93, 13, 3, 1441876978, 234, 12, 1, 0),
(94, 12, 1, 1441876978, 3454, 12, 1, 0),
(95, 12, 3, 1441876978, 5434, 12, 1, 0),
(96, 10, 1, 1441876978, 200, 12, 1, 0),
(97, 12, 2, 1441876978, 342, 12, 1, 0),
(98, 13, 3, 1441876978, 234, 12, 1, 0),
(99, 12, 1, 1441876978, 3454, 12, 1, 0),
(100, 12, 3, 1441876978, 5434, 12, 1, 0),
(101, 53, 1, 1442198732, 0, 0, 0, 0),
(102, 53, 1, 1442198826, 0, 0, 0, 0),
(103, 53, 1, 1442198935, 0, 0, 0, 0),
(104, 53, 1, 1442199085, 0, 0, 0, 0),
(105, 53, 1, 1442199167, 0, 0, 0, 0),
(106, 53, 1, 1442199883, 0, 50, 0, 0),
(107, 53, 1, 1442199991, 0, 51, 0, 0),
(108, 53, 1, 1442200004, 0, 51, 0, 0),
(109, 53, 1, 1442200092, 0, 52, 0, 0),
(110, 53, 1, 1442200104, 0, 52, 0, 0),
(111, 53, 1, 1442200202, 5500, 53, 0, 0),
(112, 49, 1, 1442200270, 100, 0, 0, 0),
(113, 53, 1, 1442200275, 5500, 53, 0, 0),
(114, 49, 1, 1442200354, 100, 0, 0, 0),
(115, 49, 1, 1442200481, 100, 10, 0, 0),
(116, 49, 1, 1442200496, 100, 10, 0, 0),
(117, 53, 1, 1442200539, 5800, 54, 0, 0),
(118, 53, 1, 1442200582, 5800, 54, 0, 0),
(119, 49, 1, 1442200607, 100, 10, 0, 0),
(120, 53, 1, 1442200719, 8800, 55, 0, 0),
(121, 53, 1, 1442200727, 8800, 55, 0, 0),
(122, 53, 1, 1442200793, 8800, 55, 0, 0),
(123, 53, 1, 1442200813, 58500, 56, 0, 0),
(124, 53, 1, 1442200829, 58500, 56, 0, 0),
(125, 53, 1, 1442200969, 5500, 57, 0, 0),
(126, 49, 1, 1442201308, 100, 10, 0, 0),
(127, 49, 1, 1442231737, 100, 10, 0, 0),
(128, 49, 1, 1442231755, 100, 10, 0, 0),
(129, 49, 1, 1442231762, 1100, 10, 0, 0),
(130, 49, 1, 1442231828, 1100, 10, 0, 0),
(131, 53, 1, 1442233055, 500, 0, 0, 0),
(132, 53, 1, 1442233182, 5000, 0, 0, 0),
(133, 53, 1, 1442233195, 5000, 0, 0, 0),
(134, 49, 1, 1442233215, 1100, 10, 0, 0),
(135, 53, 1, 1442233295, 10000, 56, 0, 0),
(136, 53, 1, 1442234738, 100, 55, 0, 0),
(137, 53, 1, 1442237209, 10000, 55, 1, 0);

-- --------------------------------------------------------

--
-- 表的结构 `fd_institution`
--

CREATE TABLE IF NOT EXISTS `fd_institution` (
  `id` int(11) NOT NULL AUTO_INCREMENT,
  `name` varchar(100) NOT NULL DEFAULT '',
  `content` text NOT NULL,
  `img` varchar(1000) NOT NULL DEFAULT '0',
  `logo` varchar(100) NOT NULL DEFAULT '0',
  `phone` varchar(20) NOT NULL DEFAULT '' COMMENT '机构电话',
  `url` varchar(100) NOT NULL DEFAULT '' COMMENT '机构网站',
  `address` varchar(100) NOT NULL DEFAULT '',
  PRIMARY KEY (`id`)
) ENGINE=MyISAM  DEFAULT CHARSET=utf8 AUTO_INCREMENT=25 ;

--
-- 转存表中的数据 `fd_institution`
--

INSERT INTO `fd_institution` (`id`, `name`, `content`, `img`, `logo`, `phone`, `url`, `address`) VALUES
(19, '中国农业科学院蜜蜂研究所', ' 中国农业科学院蜜蜂研究所是在朱德等老一辈无产阶级革命家亲切关怀和支持下，在各级领导的具体指导和帮助下，于1958年创建的国家级研究所，是当今世界蜂业学科设置最全、规模最大的专业性研究所。其研究方向和任务是：以提高我国养蜂业经济效益和社会效益，推动养蜂科学技术现代化为目标，开展应用基础研究和探索高新技术在蜂业科学上的应用。自建所以来，承担国家“九五”、“十五”重点科技攻关、“十一五”、“十二五”科技支撑计划、国家自然科学基金、“863”、“948”等多项科研项目。共取得科研成果98项，其中获奖成果72项（国家级奖5项、部省级奖33项）；已授权专利62项，其中发明专利39项；编写出版科学专著和科普书123部，为推动中国蜂业科学研究和技术发展做出了贡献', '0', '/foodcase/Uploads/organ/change_small/144185511369215.jpg', '010-62593512', 'http://iar.caas.cn/', '北京市海淀区香山北沟一号(卧佛寺西侧)'),
(18, '国家食品质量安全监督检验中心', '国家食品质量安全监督检验中心（北京市海淀区产品质量监督检验所）是国家质量监督检验检疫总局批准设立的国家级检验中心，是2008年北京奥运会一级食品安全检测实验室及2009年首都国庆庆典活动食品安全保障机构。中心承担全国米面食品标准化技术委员会秘书处工作，是全国质量监管重点产品检验方法等多个标准化技术委员会的委员单位；同时还是全国食品用塑料包装、容器、工具等制品、粮食加工品、水果制品市场准入专业技术委员会主任委员单位。', '0', '/foodcase/Uploads/organ/change_small/144185502202495.jpg', '010-82479300/11/22/3', 'http://www.cfqs.org/', '北京市海淀区永丰产业基地丰德东路17号'),
(17, '中国检验检疫科学研究院', '中国检验检疫科学研究院（简称中国检科院，英文缩写CAIQ）是国家设立的公益性检验检疫科技中央研究院，其前身是成立于1954年的农业部植物检疫实验所和成立于1979年的中国进出口商品检验技术研究所。其主要任务是以检验检疫应用研究为主，同时开展相关基础、高新技术和软科学研究，着重解决检验检疫工作中带有全局性、综合性、关键性、突发性和基础性的科学技术问题，为国家检验检疫决策提供技术支持，并承担国家质检总局交办的相关执法的技术辅助工作。同时，国家食品安全危害分析与关键控制点应用研究中心与国家质检总局纳米材料与产品检测研究中心也设在该院。', '0', '/foodcase/Uploads/organ/change_small/144185489722832.jpg', '010-53897114', 'http://www.caiq.org.cn/', '北京市亦庄经济技术开发区荣华南路11号'),
(20, 'SGS通标标准技术服务有限公司北京总公司', 'SGS 是全球领先的检验、鉴定、测试和认证机构。 我们是全球公认的质量和诚信基准。 80,000多名员工在全球运作1,650 多个分支机构和实验室', '', '/foodcase/Uploads/organ/change_small/144247672271288.jpg', '010 6845 6699', 'http://www.sgsgroup.com.cn/', '北京市海淀区阜成路73号世纪裕惠大厦16层');

-- --------------------------------------------------------

--
-- 表的结构 `fd_members`
--

CREATE TABLE IF NOT EXISTS `fd_members` (
  `id` int(11) NOT NULL AUTO_INCREMENT,
  `username` varchar(50) NOT NULL DEFAULT '',
  `password` varchar(50) NOT NULL DEFAULT '',
  `mobile` varchar(11) NOT NULL DEFAULT '',
  `state` tinyint(3) unsigned NOT NULL DEFAULT '0' COMMENT '1激活 0冻结',
  `avatar` varchar(100) NOT NULL DEFAULT '' COMMENT '头像',
  `ctime` int(10) unsigned NOT NULL DEFAULT '0',
  `utime` int(10) unsigned NOT NULL DEFAULT '0',
  `wxopenid` varchar(50) NOT NULL DEFAULT '',
  `appopenid` varchar(50) NOT NULL DEFAULT '',
  `unionid` varchar(50) NOT NULL DEFAULT '',
  `device_token` varchar(100) NOT NULL,
  `credit` int(11) NOT NULL DEFAULT '0',
  `from_type` tinyint(3) NOT NULL DEFAULT '0' COMMENT '0 默认微信 1安卓 2ios',
  `device_type` tinyint(1) unsigned NOT NULL DEFAULT '0',
  PRIMARY KEY (`id`),
  KEY `username` (`username`)
) ENGINE=MyISAM  DEFAULT CHARSET=utf8 AUTO_INCREMENT=56 ;

--
-- 转存表中的数据 `fd_members`
--

INSERT INTO `fd_members` (`id`, `username`, `password`, `mobile`, `state`, `avatar`, `ctime`, `utime`, `wxopenid`, `appopenid`, `unionid`, `device_token`, `credit`, `from_type`, `device_type`) VALUES
(49, '13682301034', 'e10adc3949ba59abbe56e057f20f883e', '13682301034', 1, '/foodcase/Uploads/head/change_small/144195690713915.jpg', 1441956907, 0, '', '', '', 'AgF---7GnKhBUNTCgu_COozFB4f39JgOOauQp2PqNiXP', 0, 0, 1),
(50, '15078347473\n', 'e10adc3949ba59abbe56e057f20f883e', '15078347473', 1, '', 1441958044, 0, '', '', '', 'Av0IzN84E0j49ZtsZg32AgvVfuQVyAHlueiCAJf7bZbh', 0, 0, 1),
(51, '18314125897', 'e10adc3949ba59abbe56e057f20f883e', '18314125897', 1, '/foodcase/Uploads/head/change_small/144195808452595.jpg', 1441958084, 0, '', '', '', 'AgF---7GnKhBUNTCgu_COozFB4f39JgOOauQp2PqNiXP', 0, 0, 1),
(52, '18938688660', 'e10adc3949ba59abbe56e057f20f883e', '18938688660', 0, '', 1441978958, 1442156180, '', '', '', 'AgF---7GnKhBUNTCgu_COozFB4f39JgOOauQp2PqNiXP', 0, 0, 1),
(53, '13620962610', 'e10adc3949ba59abbe56e057f20f883e', '13620962610', 0, '', 1442149896, 1442237155, '', '', '', 'AgF---7GnKhBUNTCgu_COozFB4f39JgOOauQp2PqNiXP', 0, 0, 1),
(55, '15013540332', 'e10adc3949ba59abbe56e057f20f883e', '15013540332', 1, '', 0, 0, '', '', '', 'c8bb209a6d362e63a7147f746a3656412b17440cc6030ef253096a7ff4bfa731', 0, 0, 2);

-- --------------------------------------------------------

--
-- 表的结构 `fd_members_coding`
--

CREATE TABLE IF NOT EXISTS `fd_members_coding` (
  `id` int(11) NOT NULL AUTO_INCREMENT,
  `memberid` int(10) unsigned NOT NULL DEFAULT '0',
  `coding` varchar(100) NOT NULL DEFAULT '',
  PRIMARY KEY (`id`)
) ENGINE=MyISAM  DEFAULT CHARSET=utf8 AUTO_INCREMENT=15 ;

--
-- 转存表中的数据 `fd_members_coding`
--

INSERT INTO `fd_members_coding` (`id`, `memberid`, `coding`) VALUES
(14, 18, '144074805589285');

-- --------------------------------------------------------

--
-- 表的结构 `fd_members_group`
--

CREATE TABLE IF NOT EXISTS `fd_members_group` (
  `id` int(11) NOT NULL AUTO_INCREMENT,
  `name` varchar(100) NOT NULL DEFAULT '',
  `ctime` int(10) unsigned NOT NULL DEFAULT '0',
  PRIMARY KEY (`id`),
  UNIQUE KEY `name` (`name`)
) ENGINE=MyISAM  DEFAULT CHARSET=utf8 AUTO_INCREMENT=22 ;

--
-- 转存表中的数据 `fd_members_group`
--

INSERT INTO `fd_members_group` (`id`, `name`, `ctime`) VALUES
(4, '分组1', 1442980659),
(7, '分组2', 1442980782),
(8, '分组3', 1442980787),
(9, '分组4', 1442980791),
(10, '分组5', 1442980796),
(11, '分组6', 1442980801),
(12, '分组7', 1442980806),
(13, '分组8', 1442980810),
(14, '分组9', 1442980815),
(15, '分组10', 1442981130),
(16, '分组11', 1442981310),
(20, '分组12', 1442991364);

-- --------------------------------------------------------

--
-- 表的结构 `fd_members_group_user`
--

CREATE TABLE IF NOT EXISTS `fd_members_group_user` (
  `id` int(11) NOT NULL AUTO_INCREMENT,
  `mid` int(10) unsigned NOT NULL DEFAULT '0',
  `gid` int(10) unsigned NOT NULL DEFAULT '0',
  PRIMARY KEY (`id`)
) ENGINE=MyISAM  DEFAULT CHARSET=utf8 AUTO_INCREMENT=21 ;

--
-- 转存表中的数据 `fd_members_group_user`
--

INSERT INTO `fd_members_group_user` (`id`, `mid`, `gid`) VALUES
(13, 53, 4),
(2, 53, 7),
(3, 52, 7),
(4, 51, 7),
(5, 50, 7),
(6, 49, 7),
(7, 53, 10),
(8, 52, 10),
(9, 51, 10),
(10, 50, 10),
(14, 52, 4),
(15, 51, 4),
(18, 50, 4),
(19, 49, 4),
(20, 55, 4);

-- --------------------------------------------------------

--
-- 表的结构 `fd_node`
--

CREATE TABLE IF NOT EXISTS `fd_node` (
  `id` int(11) NOT NULL AUTO_INCREMENT,
  `name` varchar(100) NOT NULL DEFAULT '',
  `content` varchar(300) NOT NULL DEFAULT '',
  `cid` int(11) unsigned NOT NULL DEFAULT '0' COMMENT '控制器id',
  PRIMARY KEY (`id`)
) ENGINE=MyISAM  DEFAULT CHARSET=utf8 AUTO_INCREMENT=124 ;

--
-- 转存表中的数据 `fd_node`
--

INSERT INTO `fd_node` (`id`, `name`, `content`, `cid`) VALUES
(88, 'del_product', '删除产品', 17),
(87, 'add_product', '添加产品', 17),
(86, 'lists', '产品列表', 17),
(85, 'refused', '拒绝待审核项目', 16),
(84, 'agree', '同意待审核项目', 16),
(83, 'details', '项目详情', 16),
(82, 'sponsor', '参与用户查看', 16),
(81, 'modify', '修改项目', 16),
(80, 'del', '删除项目', 16),
(79, 'uploadify_img_ajax', '上传抽样图片', 16),
(78, 'uploadify_img', '上传抽样图', 16),
(77, 'add', '添加项目', 16),
(76, 'abnormal_lists', '异常项目', 16),
(75, 'finish_lists', '已完成项目', 16),
(74, 'sampling_lists', '抽样中项目', 16),
(73, 'spon_lists', '发起中项目', 16),
(72, 'all_lists', '所有项目', 16),
(71, 'new_lists', '待审核项目', 16),
(70, 'del_members_group_user', '删除分组用户', 15),
(69, 'members_group_user', '查看分组用户', 15),
(68, 'add_group_user', '添加用户到分组', 15),
(67, 'modify', '修改分组', 15),
(66, 'del_group', '删除分组', 15),
(65, 'add_group', '添加分组', 15),
(64, 'group_lists', '分组管理', 15),
(63, 'del_admin', '删除管理员', 15),
(62, 'update_admin', '修改管理员', 15),
(61, 'add_admin', '添加管理员', 15),
(60, 'update_node', '修改节点', 15),
(59, 'del_node', '删除节点', 15),
(58, 'add_node', '添加节点', 15),
(57, 'node', '节点列表', 15),
(56, 'update_user', '修改用户', 15),
(55, 'del_user', '删除用户', 15),
(54, 'add_user', '添加用户', 15),
(53, 'user_lists', '会员列表', 15),
(52, 'admin_lists', '管理员列表', 15),
(89, 'update_product', '修改产品', 17),
(90, 'classify_lists', '分类列表', 17),
(91, 'add_classify', '添加主分类', 17),
(92, 'add_son_classify', '添加子分类', 17),
(93, 'del_classify', '删除主分类', 17),
(94, 'update_classify', '修改主分类', 17),
(95, 'classify_lists_son', '查看子分类', 17),
(96, 'del_classify_son', '删除子分类', 17),
(97, 'update_classify_son', '修改子分类', 17),
(98, 'lists', '机构列表', 18),
(99, 'update', '修改机构', 18),
(100, 'del', '删除机构', 18),
(101, 'add', '添加机构', 18),
(102, 'lists', '广告列表', 19),
(103, 'add', '添加广告', 19),
(104, 'del', '删除广告', 19),
(105, 'update', '修改广告', 19),
(106, 'items_lists', '项目明细', 20),
(107, 'add_items', '添加检测项', 20),
(108, 'del_items', '删除检测项', 20),
(109, 'package_lists', '套餐列表', 20),
(110, 'del_package', '删除检测套餐', 20),
(111, 'add_package', '添加检测套餐', 20),
(112, 'modify_package', '修改检测套餐', 20),
(113, 'create', '新建消息', 21),
(114, 'lists', '消息列表', 21),
(115, 'modify', '修改消息', 21),
(116, 'delete', '删除消息', 21),
(118, 'send', '发送消息', 21),
(122, 'ready_classify', '读取二级目录', 17),
(123, 'ready_classify', '读取二级目录', 16);

-- --------------------------------------------------------

--
-- 表的结构 `fd_notification_message`
--

CREATE TABLE IF NOT EXISTS `fd_notification_message` (
  `id` int(11) NOT NULL AUTO_INCREMENT,
  `ticker` varchar(100) NOT NULL DEFAULT '',
  `title` varchar(100) NOT NULL DEFAULT '',
  `text` varchar(200) NOT NULL DEFAULT '' COMMENT '消息内容',
  `content` text NOT NULL,
  `ctime` int(10) unsigned NOT NULL DEFAULT '0',
  `type` varchar(20) NOT NULL DEFAULT '',
  `mtype` tinyint(3) NOT NULL DEFAULT '0',
  PRIMARY KEY (`id`)
) ENGINE=MyISAM  DEFAULT CHARSET=utf8 AUTO_INCREMENT=35 ;

--
-- 转存表中的数据 `fd_notification_message`
--

INSERT INTO `fd_notification_message` (`id`, `ticker`, `title`, `text`, `content`, `ctime`, `type`, `mtype`) VALUES
(1, '瞿塘峡口冷烟低', '瞿塘峡口冷烟低', '瞿塘峡口冷烟低', '&lt;p&gt;											&lt;/p&gt;&lt;p&gt;瞿塘峡口冷烟低，&lt;br/&gt;&lt;/p&gt;&lt;p&gt;白帝城头月向西。&lt;/p&gt;&lt;p&gt;听到竹之声咽处，&lt;/p&gt;&lt;p&gt;寒猿暗鸟一时啼。&lt;/p&gt;&lt;p&gt;											&lt;/p&gt;', 1443066461, '0', 0),
(2, '放大发生', '发大水发挂号费的很大方', '发多少规范化的沙发大厦', '&lt;p&gt;莫听穿林打叶声，&lt;br/&gt;&lt;/p&gt;&lt;p&gt;何妨吟啸且徐行。&lt;/p&gt;&lt;p&gt;竹杖芒鞋轻胜马，&lt;/p&gt;&lt;p&gt;谁怕！&lt;/p&gt;&lt;p&gt;一蓑烟雨任平生。&lt;/p&gt;&lt;p&gt;料峭春风吹酒冷，&lt;/p&gt;&lt;p&gt;微冷！&lt;/p&gt;&lt;p&gt;山头斜照却相迎。&lt;/p&gt;&lt;p&gt;回首向来萧瑟处，&lt;/p&gt;&lt;p&gt;归去！&lt;/p&gt;&lt;p&gt;也无风雨也无晴。&lt;/p&gt;', 1443066570, '0', 0),
(3, '发生的放大法', '符合规范和规划局', '可好看感觉很快就会给', '&lt;p&gt;人间四月芳菲尽，&lt;br/&gt;&lt;/p&gt;&lt;p&gt;山寺桃花始盛开。&lt;/p&gt;&lt;p&gt;长恨春归无觅处，&lt;/p&gt;&lt;p&gt;不知转入此中来。&lt;/p&gt;', 1443066647, '0', 0),
(4, '亭湖望水', '亭湖望水', '亭湖望水', '&lt;p&gt;久雨南湖涨，新晴北客过。&lt;/p&gt;&lt;p&gt;日沉红有影，风定绿无波。&lt;/p&gt;&lt;p&gt;案没闾阎少，滩平船舫多。&lt;/p&gt;&lt;p&gt;可怜心赏处，其奈独游何。&lt;/p&gt;', 1443066733, '0', 0),
(5, '南邻', '南邻', '南邻', '&lt;p&gt;锦里先生乌角巾，园收余栗未全贫。&lt;/p&gt;&lt;p&gt;惯看宾客儿童戏，得食阶除鸟雀驯。&lt;/p&gt;&lt;p&gt;秋水才深四五尺，野航恰受两三人。&lt;/p&gt;&lt;p&gt;白沙翠竹江村暮，相送柴门月色新。&lt;/p&gt;', 1443066887, '0', 0),
(22, '恭喜您发起的项目已审核通过!', '尊敬的用户您好!', '您发起的项目已审核通过', '尊敬的用户，您好！您发起的项目已经通过审核<br/>项目名称:<br/>产品名:<br/>检测机构:<br/>需求资金:<br/>发起时间:<br/>结束时间:', 1443430947, '0', 1),
(8, '恭喜您发起的项目已审核通过!', '尊敬的用户您好!', '您发起的项目已审核通过', '尊敬的用户，您好！您发起的项目已经通过审核<br/>项目名称:<br/>产品名:<br/>检测机构:<br/>需求资金:<br/>发起时间:<br/>结束时间:', 1443168421, '0', 1),
(9, '恭喜您发参与项目已完成检测!', '尊敬的用户您好!', '您参与的项目已完成检测', '尊敬的用户，您好！您参与的项目已完成检测<br/>项目名称:农夫山泉矿泉水<br/>产品名:农夫山泉矿泉水<br/>检测机构:20<br/>需求资金:3212<br/>发起时间:1441814400<br/>结束时间:1444320000', 1443168539, '0', 1),
(10, '恭喜您发参与项目已完成检测!', '尊敬的用户您好!', '您参与的项目已完成检测', '尊敬的用户，您好！您参与的项目已完成检测<br/>项目名称:农夫山泉矿泉水<br/>产品名:农夫山泉矿泉水<br/>检测机构:20<br/>需求资金:3212<br/>发起时间:1441814400<br/>结束时间:1444320000', 1443168806, '0', 1),
(11, '恭喜您发起的项目已审核通过!', '尊敬的用户您好!', '您发起的项目已审核通过', '尊敬的用户，您好！您发起的项目已经通过审核<br/>项目名称:<br/>产品名:<br/>检测机构:<br/>需求资金:<br/>发起时间:<br/>结束时间:', 1443168987, '0', 1),
(12, '恭喜您发起的项目已审核通过!', '尊敬的用户您好!', '您发起的项目已审核通过', '尊敬的用户，您好！您发起的项目已经通过审核<br/>项目名称:<br/>产品名:<br/>检测机构:<br/>需求资金:<br/>发起时间:<br/>结束时间:', 1443169018, '0', 1),
(13, '恭喜您发起的项目已审核通过!', '尊敬的用户您好!', '您发起的项目已审核通过', '尊敬的用户，您好！您发起的项目已经通过审核<br/>项目名称:<br/>产品名:<br/>检测机构:<br/>需求资金:<br/>发起时间:<br/>结束时间:', 1443169042, '0', 1),
(14, '恭喜您发参与项目已完成检测!', '尊敬的用户您好!', '您参与的项目已完成检测', '尊敬的用户，您好！您参与的项目已完成检测<br/>项目名称:农夫山泉矿泉水<br/>产品名:农夫山泉矿泉水<br/>检测机构:20<br/>需求资金:3212<br/>发起时间:1441814400<br/>结束时间:1444320000', 1443169394, '0', 1),
(15, '恭喜您发参与项目已完成检测!', '尊敬的用户您好!', '您参与的项目已完成检测', '尊敬的用户，您好！您参与的项目已完成检测<br/>项目名称:农夫山泉矿泉水<br/>产品名:农夫山泉矿泉水<br/>检测机构:20<br/>需求资金:3212<br/>发起时间:1441814400<br/>结束时间:1444320000', 1443169446, '0', 1),
(16, '恭喜您发参与项目已完成检测!', '尊敬的用户您好!', '您参与的项目已完成检测', '尊敬的用户，您好！您参与的项目已完成检测<br/>项目名称:农夫山泉矿泉水<br/>产品名:农夫山泉矿泉水<br/>检测机构:20<br/>需求资金:3212<br/>发起时间:1441814400<br/>结束时间:1444320000', 1443169492, '0', 1),
(17, '恭喜您发参与项目已完成检测!', '尊敬的用户您好!', '您参与的项目已完成检测', '尊敬的用户，您好！您参与的项目已完成检测<br/>项目名称:农夫山泉矿泉水<br/>产品名:农夫山泉矿泉水<br/>检测机构:20<br/>需求资金:3212<br/>发起时间:1441814400<br/>结束时间:1444320000', 1443169558, '0', 1),
(18, '恭喜您发参与项目已完成检测!', '尊敬的用户您好!', '您参与的项目已完成检测', '尊敬的用户，您好！您参与的项目已完成检测<br/>项目名称:农夫山泉矿泉水<br/>产品名:农夫山泉矿泉水<br/>检测机构:20<br/>需求资金:3212<br/>发起时间:1441814400<br/>结束时间:1444320000', 1443169625, '0', 1),
(19, '恭喜您发参与项目已完成检测!', '尊敬的用户您好!', '您参与的项目已完成检测', '尊敬的用户，您好！您参与的项目已完成检测<br/>项目名称:农夫山泉矿泉水<br/>产品名:农夫山泉矿泉水<br/>检测机构:20<br/>需求资金:3212<br/>发起时间:1441814400<br/>结束时间:1444320000', 1443169739, '0', 1),
(20, '恭喜您发参与项目已完成检测!', '尊敬的用户您好!', '您参与的项目已完成检测', '尊敬的用户，您好！您参与的项目已完成检测<br/>项目名称:农夫山泉矿泉水<br/>产品名:农夫山泉矿泉水<br/>检测机构:20<br/>需求资金:3212<br/>发起时间:1441814400<br/>结束时间:1444320000', 1443169751, '0', 1),
(21, '恭喜您发参与项目已完成检测!', '尊敬的用户您好!', '您参与的项目已完成检测', '尊敬的用户，您好！您参与的项目已完成检测<br/>项目名称:农夫山泉矿泉水<br/>产品名:农夫山泉矿泉水<br/>检测机构:20<br/>需求资金:3212<br/>发起时间:1441814400<br/>结束时间:1444320000', 1443169777, '0', 1),
(23, '恭喜您发起的项目已审核通过!', '尊敬的用户您好!', '您发起的项目已审核通过', '尊敬的用户，您好！您发起的项目已经通过审核<br/>项目名称:<br/>产品名:<br/>检测机构:<br/>需求资金:<br/>发起时间:<br/>结束时间:', 1443430959, '0', 1),
(24, '恭喜您发起的项目已审核通过!', '尊敬的用户您好!', '您发起的项目已审核通过', '尊敬的用户，您好！您发起的项目已经通过审核<br/>项目名称:<br/>产品名:<br/>检测机构:<br/>需求资金:<br/>发起时间:<br/>结束时间:', 1443431170, '0', 1),
(25, '恭喜您发起的项目已审核通过!', '尊敬的用户您好!', '您发起的项目已审核通过', '尊敬的用户，您好！您发起的项目已经通过审核<br/>项目名称:<br/>产品名:<br/>检测机构:<br/>需求资金:<br/>发起时间:<br/>结束时间:', 1443431224, '0', 1),
(26, '恭喜您发参与项目已完成检测!', '尊敬的用户您好!', '您参与的项目已完成检测', '尊敬的用户，您好！您参与的项目已完成检测<br/>项目名称:农夫山泉矿泉水<br/>产品名:农夫山泉矿泉水<br/>检测机构:20<br/>需求资金:3212<br/>发起时间:1441814400<br/>结束时间:1444320000', 1443431291, '0', 1),
(27, '恭喜您发起的项目已审核通过!', '尊敬的用户您好!', '您发起的项目已审核通过', '尊敬的用户，您好！您发起的项目已经通过审核<br/>项目名称:<br/>产品名:<br/>检测机构:<br/>需求资金:<br/>发起时间:<br/>结束时间:', 1443431327, '0', 1),
(29, '测试url', '测试url', '测试url', '&lt;p&gt;\r\n											http://www.baidu.com/											 &lt;/p&gt;', 1443434689, 'go_url', 0),
(30, 'ehehhehe', 'heheheheh', 'ehheheheh', '&lt;p&gt;\r\n											填写你的消息内容											 &lt;/p&gt;', 1444448214, 'go_app', 0),
(31, '恭喜您发起的项目已审核通过!', '尊敬的用户您好!', '您发起的项目已审核通过', '尊敬的用户，您好！您发起的项目已经通过审核<br/>项目名称:<br/>产品名:<br/>检测机构:<br/>需求资金:<br/>发起时间:<br/>结束时间:', 1444473534, '', 1),
(32, '恭喜您发起的项目已审核通过!', '尊敬的用户您好!', '您发起的项目已审核通过', '尊敬的用户，您好！您发起的项目已经通过审核<br/>项目名称:<br/>产品名:<br/>检测机构:<br/>需求资金:<br/>发起时间:<br/>结束时间:', 1444473553, '', 1),
(33, '恭喜您发起的项目已审核通过!', '尊敬的用户您好!', '您发起的项目已审核通过', '尊敬的用户，您好！您发起的项目已经通过审核<br/>项目名称:<br/>产品名:<br/>检测机构:<br/>需求资金:<br/>发起时间:<br/>结束时间:', 1444473722, '', 1),
(34, '恭喜您发起的项目已审核通过!', '尊敬的用户您好!', '您发起的项目已审核通过', '尊敬的用户，您好！您发起的项目已经通过审核<br/>项目名称:<br/>产品名:<br/>检测机构:<br/>需求资金:<br/>发起时间:<br/>结束时间:', 1444473782, '', 1);

-- --------------------------------------------------------

--
-- 表的结构 `fd_notification_message_log`
--

CREATE TABLE IF NOT EXISTS `fd_notification_message_log` (
  `id` int(11) NOT NULL AUTO_INCREMENT,
  `mid` int(10) unsigned NOT NULL DEFAULT '0',
  `gid` int(10) unsigned NOT NULL DEFAULT '0',
  `message_id` int(10) unsigned NOT NULL DEFAULT '0',
  `ctime` int(10) unsigned NOT NULL DEFAULT '0',
  PRIMARY KEY (`id`)
) ENGINE=MyISAM  DEFAULT CHARSET=utf8 AUTO_INCREMENT=565 ;

--
-- 转存表中的数据 `fd_notification_message_log`
--

INSERT INTO `fd_notification_message_log` (`id`, `mid`, `gid`, `message_id`, `ctime`) VALUES
(564, 55, 0, 34, 1444473782),
(563, 55, 0, 33, 1444473722),
(562, 49, 0, 32, 1444473553),
(561, 55, 0, 31, 1444473534),
(560, 55, 4, 1, 1444471046),
(559, 49, 4, 1, 1444471046),
(558, 50, 4, 1, 1444471046),
(557, 51, 4, 1, 1444471046),
(556, 52, 4, 1, 1444471046),
(555, 53, 4, 1, 1444471046),
(554, 55, 4, 1, 1444470859),
(553, 49, 4, 1, 1444470859),
(552, 50, 4, 1, 1444470859),
(551, 51, 4, 1, 1444470859),
(550, 52, 4, 1, 1444470859),
(549, 53, 4, 1, 1444470859),
(548, 55, 4, 1, 1444470821),
(547, 49, 4, 1, 1444470821),
(546, 50, 4, 1, 1444470821),
(545, 51, 4, 1, 1444470821),
(544, 52, 4, 1, 1444470821),
(543, 53, 4, 1, 1444470821),
(542, 55, 4, 1, 1444470261),
(541, 49, 4, 1, 1444470261),
(540, 50, 4, 1, 1444470261),
(539, 51, 4, 1, 1444470261),
(538, 52, 4, 1, 1444470261),
(537, 53, 4, 1, 1444470261),
(536, 55, 4, 1, 1444470197),
(535, 49, 4, 1, 1444470197),
(534, 50, 4, 1, 1444470197),
(533, 51, 4, 1, 1444470197),
(532, 52, 4, 1, 1444470197),
(531, 53, 4, 1, 1444470197),
(530, 55, 4, 1, 1444470174),
(529, 49, 4, 1, 1444470174),
(528, 50, 4, 1, 1444470174),
(527, 51, 4, 1, 1444470174),
(526, 52, 4, 1, 1444470174),
(525, 53, 4, 1, 1444470174),
(524, 55, 4, 1, 1444470016),
(523, 49, 4, 1, 1444470016),
(522, 50, 4, 1, 1444470016),
(521, 51, 4, 1, 1444470016),
(520, 52, 4, 1, 1444470016),
(519, 53, 4, 1, 1444470016),
(518, 55, 4, 1, 1444469978),
(517, 49, 4, 1, 1444469978),
(516, 50, 4, 1, 1444469978),
(515, 51, 4, 1, 1444469978),
(514, 52, 4, 1, 1444469978),
(513, 53, 4, 1, 1444469978),
(512, 55, 4, 1, 1444469932),
(511, 49, 4, 1, 1444469932),
(510, 50, 4, 1, 1444469932),
(509, 51, 4, 1, 1444469932),
(508, 52, 4, 1, 1444469932),
(507, 53, 4, 1, 1444469932),
(506, 55, 4, 1, 1444469853),
(505, 49, 4, 1, 1444469853),
(504, 50, 4, 1, 1444469853),
(503, 51, 4, 1, 1444469853),
(502, 52, 4, 1, 1444469853),
(501, 53, 4, 1, 1444469853),
(500, 55, 4, 1, 1444469810),
(499, 49, 4, 1, 1444469810),
(498, 50, 4, 1, 1444469810),
(497, 51, 4, 1, 1444469810),
(496, 52, 4, 1, 1444469810),
(495, 53, 4, 1, 1444469810),
(494, 55, 4, 1, 1444469779),
(493, 49, 4, 1, 1444469779),
(492, 50, 4, 1, 1444469779),
(491, 51, 4, 1, 1444469779),
(490, 52, 4, 1, 1444469779),
(489, 53, 4, 1, 1444469779);

-- --------------------------------------------------------

--
-- 表的结构 `fd_pre_members`
--

CREATE TABLE IF NOT EXISTS `fd_pre_members` (
  `id` int(11) unsigned NOT NULL AUTO_INCREMENT,
  `openid` varchar(50) DEFAULT '' COMMENT 'openid',
  `status` tinyint(1) DEFAULT '1' COMMENT '是否注册过',
  `access_token` varchar(512) DEFAULT NULL,
  `expires_in` int(11) DEFAULT NULL,
  `refresh_token` varchar(512) DEFAULT NULL,
  `scope` varchar(100) DEFAULT NULL,
  `unionid` varchar(50) DEFAULT NULL,
  `ctime` int(11) DEFAULT NULL COMMENT '生成时间',
  `from_type` tinyint(3) unsigned NOT NULL DEFAULT '0',
  PRIMARY KEY (`id`)
) ENGINE=InnoDB  DEFAULT CHARSET=utf8 AUTO_INCREMENT=2 ;

--
-- 转存表中的数据 `fd_pre_members`
--

INSERT INTO `fd_pre_members` (`id`, `openid`, `status`, `access_token`, `expires_in`, `refresh_token`, `scope`, `unionid`, `ctime`, `from_type`) VALUES
(1, 'opZsttzwfIdnsHo559Ksod1sKTp0', 1, '', 0, '', '', 'o0OxtuH4cnRYnae8nbTUldwoms20', 1442236116, 0);

-- --------------------------------------------------------

--
-- 表的结构 `fd_product`
--

CREATE TABLE IF NOT EXISTS `fd_product` (
  `id` int(11) NOT NULL AUTO_INCREMENT,
  `name` varchar(50) NOT NULL DEFAULT '',
  `brand` varchar(50) NOT NULL DEFAULT '',
  `classify` int(10) unsigned NOT NULL DEFAULT '0',
  `remark` varchar(1000) NOT NULL DEFAULT '',
  `ctime` int(10) unsigned NOT NULL DEFAULT '0',
  `barcode` varchar(50) NOT NULL DEFAULT '',
  PRIMARY KEY (`id`)
) ENGINE=MyISAM  DEFAULT CHARSET=utf8 AUTO_INCREMENT=15 ;

--
-- 转存表中的数据 `fd_product`
--

INSERT INTO `fd_product` (`id`, `name`, `brand`, `classify`, `remark`, `ctime`, `barcode`) VALUES
(10, '南孚电池', '南孚', 100, '建南平南孚电池有限公司', 1441962239, '6901826817237'),
(9, '中鹏清凉茶250ML', '', 87, '中鹏清凉茶250ML', 1441962004, '6921603800061'),
(8, '雀巢咖啡1+2奶香串装 @4(6(12x13g))CN', 'NESCAFE', 106, '雀巢咖啡1+2奶香串装 @4(6(12x13g))CN', 1441961941, '6917878033693'),
(6, '圣牧有机酸牛奶', '圣牧', 96, '蒙牛优酸乳', 1441872656, '6955150400313'),
(7, '自然恩赐智能肌肤水分测试仪', 'nature bestow', 109, '自然恩赐智能肌肤水分测试仪', 1441961872, '6927812900165'),
(11, '清风盒装面纸', '清风', 0, '清风盒装面纸', 1441962542, '6922266441905'),
(12, '冰枇杷果汁饮料', '鲜绿园', 0, '鲜绿园(深圳)果蔬饮料有限公司', 1441963212, '6944413494053'),
(13, '优乐矿物质水', '康师傅', 0, '广东省广州市广州经济技术开发区东区沧联一路2号', 1441963281, '6921294305036'),
(14, '富光运动杯', '富光', 0, '安徽省富光实业股份有限公司', 1441963356, '6921899960500');

-- --------------------------------------------------------

--
-- 表的结构 `fd_product_thirdparty`
--

CREATE TABLE IF NOT EXISTS `fd_product_thirdparty` (
  `id` int(11) NOT NULL AUTO_INCREMENT,
  `firm_name` varchar(100) NOT NULL DEFAULT '',
  `firm_address` varchar(200) NOT NULL DEFAULT '',
  `Department_name` varchar(100) NOT NULL DEFAULT '',
  `location` varchar(200) NOT NULL DEFAULT '',
  `brand` varchar(50) NOT NULL DEFAULT '',
  `product_name` varchar(100) NOT NULL DEFAULT '',
  `product_model` varchar(100) NOT NULL DEFAULT '',
  `ctime` int(10) unsigned NOT NULL DEFAULT '0',
  `category` varchar(100) NOT NULL DEFAULT '',
  `remarks` varchar(200) NOT NULL DEFAULT '',
  `items` varchar(500) NOT NULL DEFAULT '',
  `declares` varchar(200) NOT NULL DEFAULT '',
  PRIMARY KEY (`id`)
) ENGINE=MyISAM DEFAULT CHARSET=utf8 AUTO_INCREMENT=1 ;

-- --------------------------------------------------------

--
-- 表的结构 `fd_regions`
--

CREATE TABLE IF NOT EXISTS `fd_regions` (
  `id` int(11) NOT NULL AUTO_INCREMENT,
  `code` int(11) NOT NULL,
  `name` varchar(20) NOT NULL,
  PRIMARY KEY (`id`)
) ENGINE=InnoDB  DEFAULT CHARSET=utf8 AUTO_INCREMENT=3524 ;

--
-- 转存表中的数据 `fd_regions`
--

INSERT INTO `fd_regions` (`id`, `code`, `name`) VALUES
(1, 11, '北京市'),
(2, 12, '天津市'),
(3, 13, '河北省'),
(4, 14, '山西省'),
(5, 15, '内蒙古自治区'),
(6, 21, '辽宁省'),
(7, 22, '吉林省'),
(8, 23, '黑龙江省'),
(9, 31, '上海市'),
(10, 32, '江苏省'),
(11, 33, '浙江省'),
(12, 34, '安徽省'),
(13, 35, '福建省'),
(14, 36, '江西省'),
(15, 37, '山东省'),
(16, 41, '河南省'),
(17, 42, '湖北省'),
(18, 43, '湖南省'),
(19, 44, '广东省'),
(20, 45, '广西壮族自治区'),
(21, 46, '海南省'),
(22, 50, '重庆市'),
(23, 51, '四川省'),
(24, 52, '贵州省'),
(25, 53, '云南省'),
(26, 54, '西藏自治区'),
(27, 61, '陕西省'),
(28, 62, '甘肃省'),
(29, 63, '青海省'),
(30, 64, '宁夏回族自治区'),
(31, 65, '新疆维吾尔自治区'),
(32, 3408, '安庆市'),
(33, 3403, '蚌埠市'),
(34, 3414, '巢湖市'),
(35, 3417, '池州市'),
(36, 3411, '滁州市'),
(37, 3412, '阜阳市'),
(38, 3401, '合肥市'),
(39, 3406, '淮北市'),
(40, 3404, '淮南市'),
(41, 3410, '黄山市'),
(42, 3415, '六安市'),
(43, 3405, '马鞍山市'),
(44, 3413, '宿州市'),
(45, 3407, '铜陵市'),
(46, 3402, '芜湖市'),
(47, 3418, '宣城市'),
(48, 3416, '亳州市'),
(49, 1101, '北京市'),
(50, 3501, '福州市'),
(51, 3508, '龙岩市'),
(52, 3507, '南平市'),
(53, 3509, '宁德市'),
(54, 3503, '莆田市'),
(55, 3505, '泉州市'),
(56, 3504, '三明市'),
(57, 3502, '厦门市'),
(58, 3506, '漳州市'),
(59, 6204, '白银市'),
(60, 6211, '定西市'),
(61, 6230, '甘南藏族自治州'),
(62, 6202, '嘉峪关市'),
(63, 6203, '金昌市'),
(64, 6209, '酒泉市'),
(65, 6201, '兰州市'),
(66, 6229, '临夏回族自治州'),
(67, 6212, '陇南市'),
(68, 6208, '平凉市'),
(69, 6210, '庆阳市'),
(70, 6205, '天水市'),
(71, 6206, '武威市'),
(72, 6207, '张掖市'),
(73, 4451, '潮州市'),
(74, 4419, '东莞市'),
(75, 4406, '佛山市'),
(76, 4401, '广州市'),
(77, 4416, '河源市'),
(78, 4413, '惠州市'),
(79, 4407, '江门市'),
(80, 4452, '揭阳市'),
(81, 4409, '茂名市'),
(82, 4414, '梅州市'),
(83, 4418, '清远市'),
(84, 4405, '汕头市'),
(85, 4415, '汕尾市'),
(86, 4402, '韶关市'),
(87, 4403, '深圳市'),
(88, 4417, '阳江市'),
(89, 4453, '云浮市'),
(90, 4408, '湛江市'),
(91, 4412, '肇庆市'),
(92, 4420, '中山市'),
(93, 4404, '珠海市'),
(94, 4510, '百色市'),
(95, 4505, '北海市'),
(96, 4514, '崇左市'),
(97, 4506, '防城港市'),
(98, 4503, '桂林市'),
(99, 4508, '贵港市'),
(100, 4512, '河池市'),
(101, 4511, '贺州市'),
(102, 4513, '来宾市'),
(103, 4502, '柳州市'),
(104, 4501, '南宁市'),
(105, 4507, '钦州市'),
(106, 4504, '梧州市'),
(107, 4509, '玉林市'),
(108, 5204, '安顺市'),
(109, 5224, '毕节地区'),
(110, 5201, '贵阳市'),
(111, 5202, '六盘水市'),
(112, 5226, '黔东南苗族侗族自治州'),
(113, 5227, '黔南布依族苗族自治州'),
(114, 5223, '黔西南布依族苗族自治州'),
(115, 5222, '铜仁地区'),
(116, 5203, '遵义市'),
(117, 4601, '海口市'),
(118, 4602, '三亚市'),
(119, 4690, '省直辖县级行政单位'),
(120, 1306, '保定市'),
(121, 1309, '沧州市'),
(122, 1308, '承德市'),
(123, 1304, '邯郸市'),
(124, 1311, '衡水市'),
(125, 1310, '廊坊市'),
(126, 1303, '秦皇岛市'),
(127, 1301, '石家庄市'),
(128, 1302, '唐山市'),
(129, 1305, '邢台市'),
(130, 1307, '张家口市'),
(131, 4105, '安阳市'),
(132, 4106, '鹤壁市'),
(133, 4108, '焦作市'),
(134, 4102, '开封市'),
(135, 4103, '洛阳市'),
(136, 4113, '南阳市'),
(137, 4104, '平顶山市'),
(138, 4112, '三门峡市'),
(139, 4114, '商丘市'),
(140, 4107, '新乡市'),
(141, 4115, '信阳市'),
(142, 4110, '许昌市'),
(143, 4101, '郑州市'),
(144, 4116, '周口市'),
(145, 4117, '驻马店市'),
(146, 4111, '漯河市'),
(147, 4109, '濮阳市'),
(148, 2306, '大庆市'),
(149, 2327, '大兴安岭地区'),
(150, 2301, '哈尔滨市'),
(151, 2304, '鹤岗市'),
(152, 2311, '黑河市'),
(153, 2303, '鸡西市'),
(154, 2308, '佳木斯市'),
(155, 2310, '牡丹江市'),
(156, 2309, '七台河市'),
(157, 2302, '齐齐哈尔市'),
(158, 2305, '双鸭山市'),
(159, 2312, '绥化市'),
(160, 2307, '伊春市'),
(161, 4207, '鄂州市'),
(162, 4228, '恩施土家族苗族自治州'),
(163, 4211, '黄冈市'),
(164, 4202, '黄石市'),
(165, 4208, '荆门市'),
(166, 4210, '荆州市'),
(167, 4290, '省直辖行政单位'),
(168, 4203, '十堰市'),
(169, 4213, '随州市'),
(170, 4201, '武汉市'),
(171, 4212, '咸宁市'),
(172, 4206, '襄樊市'),
(173, 4209, '孝感市'),
(174, 4205, '宜昌市'),
(175, 4307, '常德市'),
(176, 4301, '长沙市'),
(177, 4310, '郴州市'),
(178, 4304, '衡阳市'),
(179, 4312, '怀化市'),
(180, 4313, '娄底市'),
(181, 4305, '邵阳市'),
(182, 4303, '湘潭市'),
(183, 4331, '湘西土家族苗族自治州'),
(184, 4309, '益阳市'),
(185, 4311, '永州市'),
(186, 4306, '岳阳市'),
(187, 4308, '张家界市'),
(188, 4302, '株洲市'),
(189, 2208, '白城市'),
(190, 2206, '白山市'),
(191, 2201, '长春市'),
(192, 2202, '吉林市'),
(193, 2204, '辽源市'),
(194, 2203, '四平市'),
(195, 2207, '松原市'),
(196, 2205, '通化市'),
(197, 2224, '延边朝鲜族自治州'),
(198, 3204, '常州市'),
(199, 3208, '淮安市'),
(200, 3207, '连云港市'),
(201, 3201, '南京市'),
(202, 3206, '南通市'),
(203, 3205, '苏州市'),
(204, 3213, '宿迁市'),
(205, 3212, '泰州市'),
(206, 3202, '无锡市'),
(207, 3203, '徐州市'),
(208, 3209, '盐城市'),
(209, 3210, '扬州市'),
(210, 3211, '镇江市'),
(211, 3610, '抚州市'),
(212, 3607, '赣州市'),
(213, 3608, '吉安市'),
(214, 3602, '景德镇市'),
(215, 3604, '九江市'),
(216, 3601, '南昌市'),
(217, 3603, '萍乡市'),
(218, 3611, '上饶市'),
(219, 3605, '新余市'),
(220, 3609, '宜春市'),
(221, 3606, '鹰潭市'),
(222, 2103, '鞍山市'),
(223, 2105, '本溪市'),
(224, 2113, '朝阳市'),
(225, 2102, '大连市'),
(226, 2106, '丹东市'),
(227, 2104, '抚顺市'),
(228, 2109, '阜新市'),
(229, 2114, '葫芦岛市'),
(230, 2107, '锦州市'),
(231, 2110, '辽阳市'),
(232, 2111, '盘锦市'),
(233, 2101, '沈阳市'),
(234, 2112, '铁岭市'),
(235, 2108, '营口市'),
(236, 1529, '阿拉善盟'),
(237, 1508, '巴彦淖尔市'),
(238, 1502, '包头市'),
(239, 1504, '赤峰市'),
(240, 1506, '鄂尔多斯市'),
(241, 1501, '呼和浩特市'),
(242, 1507, '呼伦贝尔市'),
(243, 1505, '通辽市'),
(244, 1503, '乌海市'),
(245, 1509, '乌兰察布市'),
(246, 1525, '锡林郭勒盟'),
(247, 1522, '兴安盟'),
(248, 6404, '固原市'),
(249, 6402, '石嘴山市'),
(250, 6403, '吴忠市'),
(251, 6401, '银川市'),
(252, 6405, '中卫市'),
(253, 6326, '果洛藏族自治州'),
(254, 6322, '海北藏族自治州'),
(255, 6321, '海东地区'),
(256, 6325, '海南藏族自治州'),
(257, 6328, '海西蒙古族藏族自治州'),
(258, 6323, '黄南藏族自治州'),
(259, 6301, '西宁市'),
(260, 6327, '玉树藏族自治州'),
(261, 3716, '滨州市'),
(262, 3714, '德州市'),
(263, 3705, '东营市'),
(264, 3717, '菏泽市'),
(265, 3701, '济南市'),
(266, 3708, '济宁市'),
(267, 3712, '莱芜市'),
(268, 3715, '聊城市'),
(269, 3713, '临沂市'),
(270, 3702, '青岛市'),
(271, 3711, '日照市'),
(272, 3709, '泰安市'),
(273, 3710, '威海市'),
(274, 3707, '潍坊市'),
(275, 3706, '烟台市'),
(276, 3704, '枣庄市'),
(277, 3703, '淄博市'),
(278, 1404, '长治市'),
(279, 1402, '大同市'),
(280, 1405, '晋城市'),
(281, 1407, '晋中市'),
(282, 1410, '临汾市'),
(283, 1411, '吕梁市'),
(284, 1406, '朔州市'),
(285, 1401, '太原市'),
(286, 1409, '忻州市'),
(287, 1403, '阳泉市'),
(288, 1408, '运城市'),
(289, 6109, '安康市'),
(290, 6103, '宝鸡市'),
(291, 6107, '汉中市'),
(292, 6110, '商洛市'),
(293, 6102, '铜川市'),
(294, 6105, '渭南市'),
(295, 6101, '西安市'),
(296, 6104, '咸阳市'),
(297, 6106, '延安市'),
(298, 6108, '榆林市'),
(299, 3101, '上海市'),
(300, 5132, '阿坝藏族羌族自治州'),
(301, 5119, '巴中市'),
(302, 5101, '成都市'),
(303, 5117, '达州市'),
(304, 5106, '德阳市'),
(305, 5133, '甘孜藏族自治州'),
(306, 5116, '广安市'),
(307, 5108, '广元市'),
(308, 5111, '乐山市'),
(309, 5134, '凉山彝族自治州'),
(310, 5114, '眉山市'),
(311, 5107, '绵阳市'),
(312, 5113, '南充市'),
(313, 5110, '内江市'),
(314, 5104, '攀枝花市'),
(315, 5109, '遂宁市'),
(316, 5118, '雅安市'),
(317, 5115, '宜宾市'),
(318, 5120, '资阳市'),
(319, 5103, '自贡市'),
(320, 5105, '泸州市'),
(321, 1201, '天津市'),
(322, 5425, '阿里地区'),
(323, 5421, '昌都地区'),
(324, 5401, '拉萨市'),
(325, 5426, '林芝地区'),
(326, 5424, '那曲地区'),
(327, 5423, '日喀则地区'),
(328, 5422, '山南地区'),
(329, 6529, '阿克苏地区'),
(330, 6543, '阿勒泰地区'),
(331, 6528, '巴音郭楞蒙古自治州'),
(332, 6527, '博尔塔拉蒙古自治州'),
(333, 6523, '昌吉回族自治州'),
(334, 6522, '哈密地区'),
(335, 6532, '和田地区'),
(336, 6531, '喀什地区'),
(337, 6502, '克拉玛依市'),
(338, 6530, '克孜勒苏柯尔克孜自治州'),
(339, 6590, '省直辖行政单位'),
(340, 6503, '石河子市'),
(341, 6542, '塔城地区'),
(342, 6521, '吐鲁番地区'),
(343, 6501, '乌鲁木齐市'),
(344, 6540, '伊犁哈萨克自治州'),
(345, 5305, '保山市'),
(346, 5323, '楚雄彝族自治州'),
(347, 5329, '大理白族自治州'),
(348, 5331, '德宏傣族景颇族自治州'),
(349, 5334, '迪庆藏族自治州'),
(350, 5325, '红河哈尼族彝族自治州'),
(351, 5301, '昆明市'),
(352, 5307, '丽江市'),
(353, 5309, '临沧市'),
(354, 5333, '怒江傈僳族自治州'),
(355, 5303, '曲靖市'),
(356, 5308, '思茅市'),
(357, 5326, '文山壮族苗族自治州'),
(358, 5328, '西双版纳傣族自治州'),
(359, 5304, '玉溪市'),
(360, 5306, '昭通市'),
(361, 3301, '杭州市'),
(362, 3305, '湖州市'),
(363, 3304, '嘉兴市'),
(364, 3307, '金华市'),
(365, 3311, '丽水市'),
(366, 3302, '宁波市'),
(367, 3306, '绍兴市'),
(368, 3310, '台州市'),
(369, 3303, '温州市'),
(370, 3309, '舟山市'),
(371, 3308, '衢州市'),
(372, 5001, '重庆市'),
(373, 341302, '埇桥区'),
(374, 411502, '浉河区'),
(375, 420505, '猇亭区'),
(376, 152522, '阿巴嘎旗'),
(377, 513231, '阿坝县'),
(378, 230112, '阿城区'),
(379, 152202, '阿尔山市'),
(380, 653023, '阿合奇县'),
(381, 620924, '阿克塞哈萨克族自治县'),
(382, 652901, '阿克苏市'),
(383, 653022, '阿克陶县'),
(384, 659002, '阿拉尔市'),
(385, 152922, '阿拉善右旗'),
(386, 152921, '阿拉善左旗'),
(387, 654301, '阿勒泰市'),
(388, 150421, '阿鲁科尔沁旗'),
(389, 150721, '阿荣旗'),
(390, 653001, '阿图什市'),
(391, 652928, '阿瓦提县'),
(392, 231102, '爱辉区'),
(393, 231004, '爱民区'),
(394, 131002, '安次区'),
(395, 231281, '安达市'),
(396, 621102, '安定区'),
(397, 542425, '安多县'),
(398, 360829, '安福县'),
(399, 130683, '安国市'),
(400, 430923, '安化县'),
(401, 330523, '安吉县'),
(402, 510904, '安居区'),
(403, 522328, '安龙县'),
(404, 420982, '安陆市'),
(405, 620105, '安宁区'),
(406, 530181, '安宁市'),
(407, 131125, '安平县'),
(408, 370784, '安丘市'),
(409, 431028, '安仁县'),
(410, 610624, '安塞县'),
(411, 222426, '安图县'),
(412, 350524, '安溪县'),
(413, 510724, '安县'),
(414, 430721, '安乡县'),
(415, 130632, '安新县'),
(416, 410522, '安阳县'),
(417, 360123, '安义县'),
(418, 360302, '安源区'),
(419, 360726, '安远县'),
(420, 512021, '安岳县'),
(421, 141026, '安泽县'),
(422, 230205, '昂昂溪区'),
(423, 542327, '昂仁县'),
(424, 150430, '敖汉旗'),
(425, 451102, '八步区'),
(426, 220602, '八道江区'),
(427, 340405, '八公山区'),
(428, 542127, '八宿县'),
(429, 653130, '巴楚县'),
(430, 422823, '巴东县'),
(431, 652222, '巴里坤哈萨克自治县'),
(432, 150423, '巴林右旗'),
(433, 150422, '巴林左旗'),
(434, 451227, '巴马瑶族自治县'),
(435, 500113, '巴南区'),
(436, 542429, '巴青县'),
(437, 513335, '巴塘县'),
(438, 230126, '巴彦县'),
(439, 511902, '巴州区'),
(440, 131081, '霸州市'),
(441, 610929, '白河县'),
(442, 650204, '白碱滩区'),
(443, 542329, '白朗县'),
(444, 469030, '白沙黎族自治县'),
(445, 610527, '白水县'),
(446, 211002, '白塔区'),
(447, 320103, '白下区'),
(448, 620402, '白银区'),
(449, 513331, '白玉县'),
(450, 150206, '白云矿区'),
(451, 520113, '白云区'),
(452, 440111, '白云区'),
(453, 130524, '柏乡县'),
(454, 652926, '拜城县'),
(455, 230231, '拜泉县'),
(456, 542428, '班戈县'),
(457, 632622, '班玛县'),
(458, 340303, '蚌山区'),
(459, 340111, '包河区'),
(460, 140931, '保德县'),
(461, 433125, '保靖县'),
(462, 420626, '保康县'),
(463, 469035, '保亭黎族苗族自治县'),
(464, 440306, '宝安区'),
(465, 410421, '宝丰县'),
(466, 230523, '宝清县'),
(467, 230506, '宝山区'),
(468, 310113, '宝山区'),
(469, 610602, '宝塔区'),
(470, 511827, '宝兴县'),
(471, 321023, '宝应县'),
(472, 120115, '宝坻区'),
(473, 610103, '碑林区'),
(474, 231181, '北安市'),
(475, 120113, '北辰区'),
(476, 510726, '北川羌族自治县'),
(477, 130304, '北戴河区'),
(478, 620503, '北道区'),
(479, 410503, '北关区'),
(480, 431002, '北湖区'),
(481, 231202, '北林区'),
(482, 450981, '北流市'),
(483, 330206, '北仑区'),
(484, 211381, '北票市'),
(485, 130603, '北市区'),
(486, 430511, '北塔区'),
(487, 320204, '北塘区'),
(488, 210782, '北镇市'),
(489, 500109, '北碚区'),
(490, 210521, '本溪满族自治县'),
(491, 542423, '比如县'),
(492, 522401, '毕节市'),
(493, 542133, '边坝县'),
(494, 610427, '彬县'),
(495, 371602, '滨城区'),
(496, 320922, '滨海县'),
(497, 320211, '滨湖区'),
(498, 330108, '滨江区'),
(499, 532924, '宾川县'),
(500, 230125, '宾县'),
(501, 450126, '宾阳县'),
(502, 542625, '波密县'),
(503, 410822, '博爱县'),
(504, 450923, '博白县'),
(505, 652829, '博湖县'),
(506, 652701, '博乐市'),
(507, 441322, '博罗县'),
(508, 370304, '博山区'),
(509, 371625, '博兴县'),
(510, 130637, '博野县'),
(511, 230921, '勃利县'),
(512, 130981, '泊头市'),
(513, 654321, '布尔津县'),
(514, 513429, '布拖县'),
(515, 420114, '蔡甸区'),
(516, 330327, '苍南县'),
(517, 371324, '苍山县'),
(518, 450421, '苍梧县'),
(519, 510824, '苍溪县'),
(520, 350104, '仓山区'),
(521, 320502, '沧浪区'),
(522, 130921, '沧县'),
(523, 530927, '沧源佤族自治县'),
(524, 371721, '曹县'),
(525, 653225, '策勒县'),
(526, 522327, '册亨县'),
(527, 430224, '茶陵县'),
(528, 654022, '察布查尔锡伯自治县'),
(529, 150928, '察哈尔右翼后旗'),
(530, 150926, '察哈尔右翼前旗'),
(531, 150927, '察哈尔右翼中旗'),
(532, 542126, '察雅县'),
(533, 542626, '察隅县'),
(534, 542121, '昌都县'),
(535, 652301, '昌吉市'),
(536, 469031, '昌江黎族自治县'),
(537, 360202, '昌江区'),
(538, 370725, '昌乐县'),
(539, 130322, '昌黎县'),
(540, 530524, '昌宁县'),
(541, 110114, '昌平区'),
(542, 211224, '昌图县'),
(543, 220202, '昌邑区'),
(544, 370786, '昌邑市'),
(545, 420104, '硚口区'),
(546, 430482, '常宁市'),
(547, 330822, '常山县'),
(548, 320581, '常熟市'),
(549, 610116, '长安区'),
(550, 130102, '长安区'),
(551, 220623, '长白朝鲜族自治县'),
(552, 370634, '长岛县'),
(553, 340121, '长丰县'),
(554, 411082, '长葛市'),
(555, 210224, '长海县'),
(556, 350182, '长乐市'),
(557, 220722, '长岭县'),
(558, 310105, '长宁区'),
(559, 511524, '长宁县'),
(560, 370113, '长清区'),
(561, 430121, '长沙县'),
(562, 500115, '长寿区'),
(563, 522729, '长顺县'),
(564, 350625, '长泰县'),
(565, 350821, '长汀县'),
(566, 610428, '长武县'),
(567, 330522, '长兴县'),
(568, 420528, '长阳土家族自治县'),
(569, 410728, '长垣县'),
(570, 140421, '长治县'),
(571, 450405, '长洲区'),
(572, 140428, '长子县'),
(573, 510812, '朝天区'),
(574, 220104, '朝阳区'),
(575, 110105, '朝阳区'),
(576, 211321, '朝阳县'),
(577, 445121, '潮安县'),
(578, 440514, '潮南区'),
(579, 440513, '潮阳区'),
(580, 431223, '辰溪县'),
(581, 150725, '陈巴尔虎旗'),
(582, 610304, '陈仓区'),
(583, 632723, '称多县'),
(584, 630105, '城北区'),
(585, 430529, '城步苗族自治县'),
(586, 630102, '城东区'),
(587, 610722, '城固县'),
(588, 620102, '城关区'),
(589, 540102, '城关区'),
(590, 500229, '城口县'),
(591, 441502, '城区'),
(592, 140202, '城区'),
(593, 140302, '城区'),
(594, 140402, '城区'),
(595, 140502, '城区'),
(596, 630104, '城西区'),
(597, 350302, '城厢区'),
(598, 370214, '城阳区'),
(599, 630103, '城中区'),
(600, 450202, '城中区'),
(601, 230306, '城子河区'),
(602, 130424, '成安县'),
(603, 510108, '成华区'),
(604, 371723, '成武县'),
(605, 621221, '成县'),
(606, 530121, '呈贡县'),
(607, 610525, '澄城县'),
(608, 440515, '澄海区'),
(609, 530422, '澄江县'),
(610, 469027, '澄迈县'),
(611, 130821, '承德县'),
(612, 421281, '赤壁市'),
(613, 130732, '赤城县'),
(614, 440802, '赤坎区'),
(615, 520381, '赤水市'),
(616, 320202, '崇安区'),
(617, 320602, '崇川区'),
(618, 130733, '崇礼县'),
(619, 310230, '崇明县'),
(620, 361024, '崇仁县'),
(621, 110103, '崇文区'),
(622, 620823, '崇信县'),
(623, 421223, '崇阳县'),
(624, 360725, '崇义县'),
(625, 510184, '崇州市'),
(626, 532301, '楚雄市'),
(627, 320803, '楚州区'),
(628, 411602, '川汇区'),
(629, 510903, '船山区'),
(630, 220204, '船营区'),
(631, 330127, '淳安县'),
(632, 610430, '淳化县'),
(633, 130427, '磁县'),
(634, 430821, '慈利县'),
(635, 330282, '慈溪市'),
(636, 440184, '从化市'),
(637, 522633, '从江县'),
(638, 130403, '丛台区'),
(639, 230706, '翠峦区'),
(640, 511502, '翠屏区'),
(641, 530802, '翠云区'),
(642, 542227, '措美县'),
(643, 542527, '措勤县'),
(644, 542232, '错那县'),
(645, 150223, '达尔罕茂明安联合旗'),
(646, 150621, '达拉特旗'),
(647, 632624, '达日县'),
(648, 511721, '达县'),
(649, 540126, '达孜县'),
(650, 650107, '达坂城区'),
(651, 510304, '大安区'),
(652, 220882, '大安市'),
(653, 632826, '大柴旦'),
(654, 131028, '大厂回族自治县'),
(655, 131025, '大城县'),
(656, 210104, '大东区'),
(657, 500104, '大渡口区'),
(658, 522422, '大方县'),
(659, 320982, '大丰市'),
(660, 120109, '大港区'),
(661, 530624, '大关县'),
(662, 340803, '大观区'),
(663, 451229, '大化瑶族自治县'),
(664, 532901, '大理市'),
(665, 610523, '大荔县'),
(666, 130425, '大名县'),
(667, 141030, '大宁县'),
(668, 441422, '大埔县'),
(669, 210882, '大石桥市'),
(670, 350425, '大田县'),
(671, 630121, '大通回族土族自治县'),
(672, 340402, '大通区'),
(673, 230606, '大同区'),
(674, 140227, '大同县'),
(675, 211121, '大洼县'),
(676, 640202, '大武口区'),
(677, 420922, '大悟县'),
(678, 430503, '大祥区'),
(679, 451424, '大新县'),
(680, 110115, '大兴区'),
(681, 532326, '大姚县'),
(682, 420281, '大冶市'),
(683, 510129, '大邑县'),
(684, 510923, '大英县'),
(685, 360723, '大余县'),
(686, 511724, '大竹县'),
(687, 500225, '大足县'),
(688, 230713, '带岭区'),
(689, 140923, '代县'),
(690, 513323, '丹巴县'),
(691, 611022, '丹凤县'),
(692, 420381, '丹江口市'),
(693, 511424, '丹棱县'),
(694, 321112, '丹徒区'),
(695, 321181, '丹阳市'),
(696, 522636, '丹寨县'),
(697, 371722, '单县'),
(698, 411625, '郸城县'),
(699, 340521, '当涂县'),
(700, 540122, '当雄县'),
(701, 420582, '当阳市'),
(702, 513337, '稻城县'),
(703, 230102, '道里区'),
(704, 230104, '道外区'),
(705, 431124, '道县'),
(706, 520325, '道真仡佬族苗族自治县'),
(707, 513326, '道孚县'),
(708, 360426, '德安县'),
(709, 451024, '德保县'),
(710, 513424, '德昌县'),
(711, 371402, '德城区'),
(712, 513330, '德格县'),
(713, 350526, '德化县'),
(714, 220183, '德惠市'),
(715, 522227, '德江县'),
(716, 632802, '德令哈市'),
(717, 533422, '德钦县'),
(718, 330521, '德清县'),
(719, 441226, '德庆县'),
(720, 361181, '德兴市'),
(721, 513338, '得荣县'),
(722, 211081, '灯塔市'),
(723, 410185, '登封市'),
(724, 411381, '邓州市'),
(725, 230304, '滴道区'),
(726, 420504, '点军区'),
(727, 500231, '垫江县'),
(728, 440923, '电白县'),
(729, 211281, '调兵山市'),
(730, 450404, '蝶山区'),
(731, 623024, '迭部县'),
(732, 450303, '叠彩区'),
(733, 542125, '丁青县'),
(734, 430703, '鼎城区'),
(735, 441203, '鼎湖区'),
(736, 469025, '定安县'),
(737, 610825, '定边县'),
(738, 330902, '定海区'),
(739, 542332, '定结县'),
(740, 360728, '定南县'),
(741, 542324, '定日县'),
(742, 371727, '定陶县'),
(743, 140921, '定襄县'),
(744, 130626, '定兴县'),
(745, 341125, '定远县'),
(746, 130682, '定州市'),
(747, 371524, '东阿县'),
(748, 231002, '东安区'),
(749, 431122, '东安县'),
(750, 420802, '东宝区'),
(751, 371502, '东昌府区'),
(752, 220502, '东昌区'),
(753, 110101, '东城区'),
(754, 530113, '东川区'),
(755, 469007, '东方市'),
(756, 220421, '东丰县'),
(757, 230805, '东风区'),
(758, 371102, '东港区'),
(759, 210681, '东港市'),
(760, 130923, '东光县'),
(761, 320722, '东海县'),
(762, 150202, '东河区'),
(763, 360102, '东湖区'),
(764, 451224, '东兰县'),
(765, 120110, '东丽区'),
(766, 220422, '东辽县'),
(767, 210112, '东陵区'),
(768, 371728, '东明县'),
(769, 231024, '东宁县'),
(770, 370923, '东平县'),
(771, 511402, '东坡区'),
(772, 510402, '东区'),
(773, 650108, '东山区'),
(774, 230406, '东山区'),
(775, 350626, '东山县'),
(776, 150602, '东胜区'),
(777, 320981, '东台市'),
(778, 152525, '东乌珠穆沁旗'),
(779, 420112, '东西湖区'),
(780, 361029, '东乡县'),
(781, 622926, '东乡族自治县'),
(782, 511011, '东兴区'),
(783, 450681, '东兴市'),
(784, 330783, '东阳市'),
(785, 370502, '东营区'),
(786, 441625, '东源县'),
(787, 341721, '东至县'),
(788, 210403, '东洲区'),
(789, 441901, '东莞市市辖区'),
(790, 430525, '洞口县'),
(791, 330322, '洞头县'),
(792, 440403, '斗门区'),
(793, 451228, '都安瑶族自治县'),
(794, 360428, '都昌县'),
(795, 510181, '都江堰市'),
(796, 632822, '都兰县'),
(797, 522701, '都匀市'),
(798, 522726, '独山县'),
(799, 650202, '独山子区'),
(800, 230624, '杜尔伯特蒙古族自治县'),
(801, 340602, '杜集区'),
(802, 441202, '端州区'),
(803, 540125, '堆龙德庆县'),
(804, 222403, '敦化市'),
(805, 620982, '敦煌市'),
(806, 420804, '掇刀区'),
(807, 152531, '多伦县'),
(808, 511132, '峨边彝族自治县'),
(809, 511181, '峨眉山市'),
(810, 530426, '峨山彝族自治县'),
(811, 150784, '额尔古纳市'),
(812, 152923, '额济纳旗'),
(813, 654221, '额敏县'),
(814, 420704, '鄂城区'),
(815, 150723, '鄂伦春自治旗'),
(816, 150624, '鄂托克旗'),
(817, 150623, '鄂托克前旗'),
(818, 150724, '鄂温克族自治旗'),
(819, 440785, '恩平市'),
(820, 422801, '恩施市'),
(821, 532930, '洱源县'),
(822, 220503, '二道江区'),
(823, 220105, '二道区'),
(824, 152501, '二连浩特市'),
(825, 410103, '二七区'),
(826, 210124, '法库县'),
(827, 440113, '番禺区'),
(828, 420606, '樊城区'),
(829, 340222, '繁昌县'),
(830, 140924, '繁峙县'),
(831, 410926, '范县'),
(832, 370704, '坊子区'),
(833, 411322, '方城县'),
(834, 141128, '方山县'),
(835, 230124, '方正县'),
(836, 110111, '房山区'),
(837, 420325, '房县'),
(838, 450603, '防城区'),
(839, 370983, '肥城市'),
(840, 340122, '肥东县'),
(841, 340123, '肥西县'),
(842, 130428, '肥乡县'),
(843, 371325, '费县'),
(844, 360521, '分宜县'),
(845, 141034, '汾西县'),
(846, 141182, '汾阳市'),
(847, 360981, '丰城市'),
(848, 500230, '丰都县'),
(849, 220211, '丰满区'),
(850, 130207, '丰南区'),
(851, 130826, '丰宁满族自治县'),
(852, 130208, '丰润区'),
(853, 441423, '丰顺县'),
(854, 110106, '丰台区'),
(855, 320321, '丰县'),
(856, 350503, '丰泽区'),
(857, 150981, '丰镇市'),
(858, 441225, '封开县'),
(859, 410727, '封丘县'),
(860, 130406, '峰峰矿区'),
(861, 330283, '奉化市'),
(862, 500236, '奉节县'),
(863, 310120, '奉贤区'),
(864, 360921, '奉新县'),
(865, 210682, '凤城市'),
(866, 520327, '凤冈县'),
(867, 433123, '凤凰县'),
(868, 530921, '凤庆县'),
(869, 410704, '凤泉区'),
(870, 451223, '凤山县'),
(871, 340421, '凤台县'),
(872, 610330, '凤县'),
(873, 610322, '凤翔县'),
(874, 341126, '凤阳县'),
(875, 441821, '佛冈县'),
(876, 610730, '佛坪县'),
(877, 610324, '扶风县'),
(878, 411621, '扶沟县'),
(879, 451421, '扶绥县'),
(880, 220724, '扶余县'),
(881, 360222, '浮梁县'),
(882, 141027, '浮山县'),
(883, 510703, '涪城区'),
(884, 500102, '涪陵区'),
(885, 350981, '福安市'),
(886, 350982, '福鼎市'),
(887, 533323, '福贡县'),
(888, 654323, '福海县'),
(889, 350181, '福清市'),
(890, 522702, '福泉市'),
(891, 370611, '福山区'),
(892, 440304, '福田区'),
(893, 130323, '抚宁县'),
(894, 210421, '抚顺县'),
(895, 220621, '抚松县'),
(896, 230833, '抚远县'),
(897, 610822, '府谷县'),
(898, 130404, '复兴区'),
(899, 131128, '阜城县'),
(900, 652302, '阜康市'),
(901, 341225, '阜南县'),
(902, 320923, '阜宁县'),
(903, 130624, '阜平县'),
(904, 210921, '阜新蒙古族自治县'),
(905, 451123, '富川瑶族自治县'),
(906, 230882, '富锦市'),
(907, 230206, '富拉尔基区'),
(908, 530124, '富民县'),
(909, 532628, '富宁县'),
(910, 610528, '富平县'),
(911, 510322, '富顺县'),
(912, 610628, '富县'),
(913, 330183, '富阳市'),
(914, 230227, '富裕县'),
(915, 530325, '富源县'),
(916, 654322, '富蕴县'),
(917, 542523, '噶尔县'),
(918, 542526, '改则县'),
(919, 210881, '盖州市'),
(920, 632623, '甘德县'),
(921, 620523, '甘谷县'),
(922, 210211, '甘井子区'),
(923, 513435, '甘洛县'),
(924, 230225, '甘南县'),
(925, 610627, '甘泉县'),
(926, 620702, '甘州区'),
(927, 513328, '甘孜县'),
(928, 360721, '赣县'),
(929, 320721, '赣榆县'),
(930, 632224, '刚察县'),
(931, 371203, '钢城区'),
(932, 542338, '岗巴县'),
(933, 450802, '港北区'),
(934, 450602, '港口区'),
(935, 450803, '港南区'),
(936, 320611, '港闸区'),
(937, 620122, '皋兰县'),
(938, 360983, '高安市'),
(939, 130684, '高碑店市'),
(940, 320125, '高淳县'),
(941, 321203, '高港区'),
(942, 610126, '高陵县'),
(943, 370785, '高密市'),
(944, 440608, '高明区'),
(945, 511303, '高坪区'),
(946, 140581, '高平市'),
(947, 370322, '高青县'),
(948, 620724, '高台县'),
(949, 371526, '高唐县'),
(950, 511525, '高县'),
(951, 130628, '高阳县'),
(952, 441283, '高要市'),
(953, 130127, '高邑县'),
(954, 321084, '高邮市'),
(955, 440981, '高州市'),
(956, 542525, '革吉县'),
(957, 632801, '格尔木市'),
(958, 532501, '个旧市'),
(959, 150785, '根河市'),
(960, 530926, '耿马傣族佤族自治县'),
(961, 542622, '工布江达县'),
(962, 230403, '工农区'),
(963, 450332, '恭城瑶族自治县'),
(964, 421022, '公安县'),
(965, 220381, '公主岭市'),
(966, 211005, '弓长岭区'),
(967, 654024, '巩留县'),
(968, 410181, '巩义市'),
(969, 330105, '拱墅区'),
(970, 542223, '贡嘎县'),
(971, 510303, '贡井区'),
(972, 542123, '贡觉县'),
(973, 533324, '贡山独龙族怒族自治县'),
(974, 632521, '共和县'),
(975, 130724, '沽源县'),
(976, 350102, '鼓楼区'),
(977, 320302, '鼓楼区'),
(978, 320106, '鼓楼区'),
(979, 410204, '鼓楼区'),
(980, 530702, '古城区'),
(981, 140181, '古交市'),
(982, 620622, '古浪县'),
(983, 210702, '古塔区'),
(984, 350922, '古田县'),
(985, 141025, '古县'),
(986, 130204, '古冶区'),
(987, 433126, '古丈县'),
(988, 510525, '古蔺县'),
(989, 420625, '谷城县'),
(990, 131126, '故城县'),
(991, 131022, '固安县'),
(992, 411525, '固始县'),
(993, 150222, '固阳县'),
(994, 340323, '固镇县'),
(995, 620922, '瓜州县'),
(996, 520424, '关岭布依族苗族自治县'),
(997, 530111, '官渡区'),
(998, 371525, '冠县'),
(999, 410104, '管城回族区'),
(1000, 130433, '馆陶县'),
(1001, 320724, '灌南县'),
(1002, 450327, '灌阳县'),
(1003, 320723, '灌云县'),
(1004, 411522, '光山县'),
(1005, 350723, '光泽县'),
(1006, 511602, '广安区'),
(1007, 361030, '广昌县'),
(1008, 341822, '广德县'),
(1009, 361122, '广丰县'),
(1010, 510681, '广汉市'),
(1011, 622924, '广河县'),
(1012, 140223, '广灵县'),
(1013, 321002, '广陵区'),
(1014, 532627, '广南县'),
(1015, 441223, '广宁县'),
(1016, 130432, '广平县'),
(1017, 370523, '广饶县'),
(1018, 421381, '广水市'),
(1019, 131003, '广阳区'),
(1020, 130531, '广宗县'),
(1021, 431027, '桂东县'),
(1022, 450881, '桂平市'),
(1023, 431021, '桂阳县'),
(1024, 341702, '贵池区'),
(1025, 632523, '贵德县'),
(1026, 522723, '贵定县'),
(1027, 632525, '贵南县'),
(1028, 360681, '贵溪市'),
(1029, 654324, '哈巴河县'),
(1030, 652201, '哈密市'),
(1031, 320621, '海安县'),
(1032, 150302, '海勃湾区'),
(1033, 350205, '海沧区'),
(1034, 450502, '海城区'),
(1035, 210381, '海城市'),
(1036, 110108, '海淀区'),
(1037, 441521, '海丰县'),
(1038, 130302, '海港区'),
(1039, 150702, '海拉尔区'),
(1040, 231083, '海林市'),
(1041, 321202, '海陵区'),
(1042, 231283, '海伦市'),
(1043, 320684, '海门市'),
(1044, 150303, '海南区'),
(1045, 330481, '海宁市'),
(1046, 330203, '海曙区'),
(1047, 130924, '海兴县'),
(1048, 330424, '海盐县'),
(1049, 370687, '海阳市'),
(1050, 640522, '海原县'),
(1051, 210902, '海州区'),
(1052, 320706, '海州区'),
(1053, 440105, '海珠区'),
(1054, 632223, '海晏县'),
(1055, 130421, '邯郸县'),
(1056, 130402, '邯山区'),
(1057, 610581, '韩城市'),
(1058, 341423, '含山县'),
(1059, 350303, '涵江区'),
(1060, 370703, '寒亭区'),
(1061, 610902, '汉滨区'),
(1062, 420984, '汉川市'),
(1063, 120108, '汉沽区'),
(1064, 420113, '汉南区'),
(1065, 430722, '汉寿县'),
(1066, 610702, '汉台区'),
(1067, 420105, '汉阳区'),
(1068, 610921, '汉阴县'),
(1069, 511823, '汉源县'),
(1070, 150826, '杭锦后旗'),
(1071, 150625, '杭锦旗'),
(1072, 430202, '荷塘区'),
(1073, 654226, '和布克赛尔蒙古自治县'),
(1074, 652827, '和静县'),
(1075, 150123, '和林格尔县'),
(1076, 222406, '和龙市'),
(1077, 210102, '和平区'),
(1078, 120101, '和平区'),
(1079, 441624, '和平县'),
(1080, 140723, '和顺县'),
(1081, 652828, '和硕县'),
(1082, 653201, '和田市'),
(1083, 653221, '和田县'),
(1084, 341424, '和县'),
(1085, 622925, '和政县'),
(1086, 500117, '合川区'),
(1087, 510522, '合江县'),
(1088, 450521, '合浦县'),
(1089, 451381, '合山市'),
(1090, 621024, '合水县'),
(1091, 610524, '合阳县'),
(1092, 623001, '合作市'),
(1093, 120105, '河北区'),
(1094, 371312, '河东区'),
(1095, 120102, '河东区'),
(1096, 130984, '河间市'),
(1097, 140882, '河津市'),
(1098, 370503, '河口区'),
(1099, 532532, '河口瑶族自治县'),
(1100, 632324, '河南蒙古族自治县'),
(1101, 140930, '河曲县'),
(1102, 120103, '河西区'),
(1103, 430903, '赫山区'),
(1104, 522428, '赫章县'),
(1105, 431202, '鹤城区'),
(1106, 422828, '鹤峰县'),
(1107, 532932, '鹤庆县'),
(1108, 410602, '鹤山区'),
(1109, 440784, '鹤山市'),
(1110, 640122, '贺兰县'),
(1111, 210726, '黑山县'),
(1112, 513228, '黑水县'),
(1113, 361125, '横峰县'),
(1114, 610823, '横山县'),
(1115, 450127, '横县'),
(1116, 430424, '衡东县'),
(1117, 430422, '衡南县'),
(1118, 430423, '衡山县'),
(1119, 430421, '衡阳县'),
(1120, 230303, '恒山区'),
(1121, 310109, '虹口区'),
(1122, 141024, '洪洞县'),
(1123, 421083, '洪湖市'),
(1124, 431281, '洪江市'),
(1125, 420111, '洪山区'),
(1126, 511423, '洪雅县'),
(1127, 320829, '洪泽县'),
(1128, 211004, '宏伟区'),
(1129, 421122, '红安县'),
(1130, 230605, '红岗区'),
(1131, 620111, '红古区'),
(1132, 532529, '红河县'),
(1133, 520302, '红花岗区'),
(1134, 410702, '红旗区'),
(1135, 120106, '红桥区'),
(1136, 150402, '红山区'),
(1137, 530402, '红塔区'),
(1138, 230715, '红星区'),
(1139, 513233, '红原县'),
(1140, 141081, '侯马市'),
(1141, 230111, '呼兰区'),
(1142, 232721, '呼玛县'),
(1143, 652323, '呼图壁县'),
(1144, 232704, '呼中区'),
(1145, 140427, '壶关县'),
(1146, 411202, '湖滨区'),
(1147, 360429, '湖口县'),
(1148, 350206, '湖里区'),
(1149, 230381, '虎林市'),
(1150, 320505, '虎丘区'),
(1151, 632126, '互助土族自治县'),
(1152, 610125, '户县'),
(1153, 440114, '花都区'),
(1154, 340503, '花山区'),
(1155, 520111, '花溪区'),
(1156, 433124, '花垣县'),
(1157, 350629, '华安县'),
(1158, 621023, '华池县'),
(1159, 410902, '华龙区'),
(1160, 530424, '华宁县'),
(1161, 530723, '华坪县'),
(1162, 420703, '华容区'),
(1163, 430623, '华容县'),
(1164, 620824, '华亭县'),
(1165, 610521, '华县'),
(1166, 610582, '华阴市'),
(1167, 511681, '华蓥市'),
(1168, 410526, '滑县'),
(1169, 150922, '化德县'),
(1170, 632127, '化隆回族自治县'),
(1171, 440982, '化州市'),
(1172, 370104, '槐荫区'),
(1173, 130728, '怀安县'),
(1174, 441224, '怀集县'),
(1175, 130730, '怀来县'),
(1176, 340822, '怀宁县'),
(1177, 140624, '怀仁县'),
(1178, 110116, '怀柔区'),
(1179, 340321, '怀远县'),
(1180, 411527, '淮滨县'),
(1181, 340311, '淮上区'),
(1182, 411626, '淮阳县'),
(1183, 320804, '淮阴区'),
(1184, 371002, '环翠区'),
(1185, 451226, '环江毛南族自治县'),
(1186, 621022, '环县'),
(1187, 210522, '桓仁满族自治县'),
(1188, 370321, '桓台县'),
(1189, 370211, '黄岛区'),
(1190, 610632, '黄陵县'),
(1191, 610631, '黄龙县'),
(1192, 421127, '黄梅县'),
(1193, 522622, '黄平县'),
(1194, 440112, '黄埔区'),
(1195, 310101, '黄浦区'),
(1196, 341003, '黄山区'),
(1197, 420202, '黄石港区'),
(1198, 331003, '黄岩区'),
(1199, 421102, '黄州区'),
(1200, 420116, '黄陂区'),
(1201, 130983, '黄骅市'),
(1202, 210105, '皇姑区'),
(1203, 220523, '辉南县'),
(1204, 410782, '辉县市'),
(1205, 621227, '徽县'),
(1206, 341004, '徽州区'),
(1207, 150103, '回民区'),
(1208, 350521, '惠安县'),
(1209, 441302, '惠城区'),
(1210, 441323, '惠东县'),
(1211, 410108, '惠济区'),
(1212, 445224, '惠来县'),
(1213, 371621, '惠民县'),
(1214, 640205, '惠农区'),
(1215, 320206, '惠山区'),
(1216, 522731, '惠水县'),
(1217, 441303, '惠阳区'),
(1218, 360733, '会昌县'),
(1219, 513426, '会东县'),
(1220, 513425, '会理县'),
(1221, 620422, '会宁县'),
(1222, 431225, '会同县'),
(1223, 530326, '会泽县'),
(1224, 520303, '汇川区'),
(1225, 140225, '浑源县'),
(1226, 410724, '获嘉县'),
(1227, 654023, '霍城县'),
(1228, 150581, '霍林郭勒市'),
(1229, 341522, '霍邱县'),
(1230, 341525, '霍山县'),
(1231, 141082, '霍州市'),
(1232, 622927, '积石山保安族东乡族撒拉族自治县'),
(1233, 230321, '鸡东县'),
(1234, 230302, '鸡冠区'),
(1235, 130431, '鸡泽县'),
(1236, 341824, '绩溪县'),
(1237, 360821, '吉安县'),
(1238, 410306, '吉利区'),
(1239, 542335, '吉隆县'),
(1240, 654326, '吉木乃县'),
(1241, 652327, '吉木萨尔县'),
(1242, 433101, '吉首市'),
(1243, 360822, '吉水县'),
(1244, 141028, '吉县'),
(1245, 360802, '吉州区'),
(1246, 220582, '集安市'),
(1247, 350211, '集美区'),
(1248, 150902, '集宁区'),
(1249, 230521, '集贤县'),
(1250, 370282, '即墨市'),
(1251, 120225, '蓟县'),
(1252, 131181, '冀州市'),
(1253, 370125, '济阳县'),
(1254, 410881, '济源市'),
(1255, 310114, '嘉定区'),
(1256, 431024, '嘉禾县'),
(1257, 542422, '嘉黎县'),
(1258, 511304, '嘉陵区'),
(1259, 330421, '嘉善县'),
(1260, 370829, '嘉祥县'),
(1261, 230722, '嘉荫县'),
(1262, 421221, '嘉鱼县'),
(1263, 511126, '夹江县'),
(1264, 610828, '佳县'),
(1265, 542229, '加查县'),
(1266, 232701, '加格达奇区'),
(1267, 320305, '贾汪区'),
(1268, 421023, '监利县'),
(1269, 140108, '尖草坪区'),
(1270, 230502, '尖山区'),
(1271, 632322, '尖扎县'),
(1272, 512081, '简阳市'),
(1273, 532931, '剑川县'),
(1274, 510823, '剑阁县'),
(1275, 522629, '剑河县'),
(1276, 410305, '涧西区'),
(1277, 211422, '建昌县'),
(1278, 330182, '建德市'),
(1279, 320925, '建湖县'),
(1280, 230203, '建华区'),
(1281, 350430, '建宁县'),
(1282, 211322, '建平县'),
(1283, 422822, '建始县'),
(1284, 532524, '建水县'),
(1285, 350784, '建阳市'),
(1286, 320105, '建邺区'),
(1287, 350783, '建瓯市'),
(1288, 321284, '姜堰市'),
(1289, 350428, '将乐县'),
(1290, 511523, '江安县'),
(1291, 420102, '江岸区'),
(1292, 500105, '江北区'),
(1293, 330205, '江北区'),
(1294, 530826, '江城哈尼族彝族自治县'),
(1295, 441702, '江城区'),
(1296, 530421, '江川县'),
(1297, 542122, '江达县'),
(1298, 330204, '江东区'),
(1299, 321088, '江都市'),
(1300, 330104, '江干区'),
(1301, 440704, '江海区'),
(1302, 420103, '江汉区'),
(1303, 431129, '江华瑶族自治县'),
(1304, 500116, '江津区'),
(1305, 522222, '江口县'),
(1306, 421024, '江陵县'),
(1307, 450105, '江南区'),
(1308, 320115, '江宁区'),
(1309, 330881, '江山市'),
(1310, 420115, '江夏区'),
(1311, 510502, '江阳区'),
(1312, 320281, '江阴市'),
(1313, 431125, '江永县'),
(1314, 510781, '江油市'),
(1315, 220604, '江源区'),
(1316, 451402, '江洲区'),
(1317, 542323, '江孜县'),
(1318, 350902, '蕉城区'),
(1319, 441427, '蕉岭县'),
(1320, 331002, '椒江区'),
(1321, 370284, '胶南市'),
(1322, 370281, '胶州市'),
(1323, 141122, '交城县'),
(1324, 141130, '交口县'),
(1325, 340711, '郊区'),
(1326, 140411, '郊区'),
(1327, 140311, '郊区'),
(1328, 230811, '郊区'),
(1329, 445221, '揭东县'),
(1330, 445222, '揭西县'),
(1331, 410802, '解放区'),
(1332, 341282, '界首市'),
(1333, 140781, '介休市'),
(1334, 341502, '金安区'),
(1335, 451202, '金城江区'),
(1336, 620302, '金川区'),
(1337, 513226, '金川县'),
(1338, 330703, '金东区'),
(1339, 640106, '金凤区'),
(1340, 320831, '金湖县'),
(1341, 340502, '金家庄区'),
(1342, 511113, '金口河区'),
(1343, 350527, '金门县'),
(1344, 410211, '金明区'),
(1345, 510106, '金牛区'),
(1346, 532530, '金平苗族瑶族傣族自治县'),
(1347, 440511, '金平区'),
(1348, 522424, '金沙县'),
(1349, 310116, '金山区'),
(1350, 230709, '金山屯区'),
(1351, 410105, '金水区'),
(1352, 620921, '金塔县'),
(1353, 610303, '金台区'),
(1354, 320482, '金坛市'),
(1355, 510121, '金堂县'),
(1356, 440404, '金湾区'),
(1357, 361027, '金溪县'),
(1358, 370828, '金乡县'),
(1359, 451324, '金秀瑶族自治县'),
(1360, 513430, '金阳县'),
(1361, 341524, '金寨县'),
(1362, 210213, '金州区'),
(1363, 320504, '金阊区'),
(1364, 120112, '津南区'),
(1365, 430781, '津市市'),
(1366, 510104, '锦江区'),
(1367, 522628, '锦屏县'),
(1368, 360124, '进贤县'),
(1369, 350111, '晋安区'),
(1370, 350582, '晋江市'),
(1371, 530122, '晋宁县'),
(1372, 140110, '晋源区'),
(1373, 130183, '晋州市'),
(1374, 421003, '荆州区'),
(1375, 321102, '京口区'),
(1376, 420821, '京山县'),
(1377, 652722, '精河县'),
(1378, 360881, '井冈山市'),
(1379, 511124, '井研县'),
(1380, 130107, '井陉矿区'),
(1381, 130121, '井陉县'),
(1382, 530823, '景东彝族自治县'),
(1383, 530824, '景谷傣族彝族自治县'),
(1384, 532801, '景洪市'),
(1385, 331127, '景宁畲族自治县'),
(1386, 620423, '景泰县'),
(1387, 131127, '景县'),
(1388, 310106, '静安区'),
(1389, 120223, '静海县'),
(1390, 140926, '静乐县'),
(1391, 620826, '静宁县'),
(1392, 340202, '镜湖区'),
(1393, 360925, '靖安县'),
(1394, 610824, '靖边县'),
(1395, 321282, '靖江市'),
(1396, 451025, '靖西县'),
(1397, 220622, '靖宇县'),
(1398, 620421, '靖远县'),
(1399, 431229, '靖州苗族侗族自治县'),
(1400, 632625, '久治县'),
(1401, 360421, '九江县'),
(1402, 320304, '九里区'),
(1403, 500107, '九龙坡区'),
(1404, 513324, '九龙县'),
(1405, 220181, '九台市'),
(1406, 150207, '九原区'),
(1407, 513225, '九寨沟县'),
(1408, 341402, '居巢区'),
(1409, 130529, '巨鹿县'),
(1410, 371724, '巨野县'),
(1411, 321183, '句容市'),
(1412, 430611, '君山区'),
(1413, 410621, '浚县'),
(1414, 150428, '喀喇沁旗'),
(1415, 211324, '喀喇沁左翼蒙古族自治县'),
(1416, 653101, '喀什市'),
(1417, 410224, '开封县'),
(1418, 430105, '开福区'),
(1419, 330824, '开化县'),
(1420, 511723, '开江县'),
(1421, 150523, '开鲁县'),
(1422, 130205, '开平区'),
(1423, 440783, '开平市'),
(1424, 500234, '开县'),
(1425, 520121, '开阳县'),
(1426, 211282, '开原市'),
(1427, 532502, '开远市'),
(1428, 522601, '凯里市'),
(1429, 130723, '康保县'),
(1430, 513321, '康定县'),
(1431, 622922, '康乐县'),
(1432, 542331, '康马县'),
(1433, 210123, '康平县'),
(1434, 621224, '康县'),
(1435, 330802, '柯城区'),
(1436, 652929, '柯坪县'),
(1437, 150502, '科尔沁区'),
(1438, 152221, '科尔沁右翼前旗'),
(1439, 152222, '科尔沁右翼中旗'),
(1440, 150522, '科尔沁左翼后旗'),
(1441, 150521, '科尔沁左翼中旗'),
(1442, 230230, '克东县'),
(1443, 650203, '克拉玛依区'),
(1444, 230229, '克山县'),
(1445, 150425, '克什克腾旗'),
(1446, 370521, '垦利县'),
(1447, 652923, '库车县'),
(1448, 652801, '库尔勒市'),
(1449, 150524, '库伦旗'),
(1450, 130827, '宽城满族自治县'),
(1451, 220103, '宽城区'),
(1452, 210624, '宽甸满族自治县'),
(1453, 140303, '矿区'),
(1454, 140203, '矿区'),
(1455, 654003, '奎屯市'),
(1456, 370705, '奎文区'),
(1457, 150203, '昆都仑区'),
(1458, 320583, '昆山市'),
(1459, 542326, '拉孜县'),
(1460, 371202, '莱城区'),
(1461, 370613, '莱山区'),
(1462, 370285, '莱西市'),
(1463, 370682, '莱阳市'),
(1464, 370683, '莱州市'),
(1465, 341122, '来安县'),
(1466, 422827, '来凤县'),
(1467, 431127, '蓝山县'),
(1468, 610122, '蓝田县'),
(1469, 410225, '兰考县'),
(1470, 533325, '兰坪白族普米族自治县'),
(1471, 371302, '兰山区'),
(1472, 231222, '兰西县'),
(1473, 330781, '兰溪市'),
(1474, 530828, '澜沧拉祜族自治县'),
(1475, 341102, '琅琊区'),
(1476, 341821, '郎溪县'),
(1477, 542627, '朗县'),
(1478, 542233, '浪卡子县'),
(1479, 210811, '老边区'),
(1480, 410302, '老城区'),
(1481, 420682, '老河口市'),
(1482, 361025, '乐安县'),
(1483, 440281, '乐昌市'),
(1484, 469033, '乐东黎族自治县'),
(1485, 632123, '乐都县'),
(1486, 371481, '乐陵市'),
(1487, 360281, '乐平市'),
(1488, 330382, '乐清市'),
(1489, 130225, '乐亭县'),
(1490, 451028, '乐业县'),
(1491, 512022, '乐至县'),
(1492, 513437, '雷波县'),
(1493, 522634, '雷山县'),
(1494, 440882, '雷州市'),
(1495, 542124, '类乌齐县'),
(1496, 632825, '冷湖'),
(1497, 431381, '冷水江市'),
(1498, 431103, '冷水滩区'),
(1499, 230305, '梨树区'),
(1500, 220322, '梨树县'),
(1501, 140426, '黎城县'),
(1502, 361022, '黎川县'),
(1503, 522631, '黎平县'),
(1504, 141102, '离石区'),
(1505, 513334, '理塘县'),
(1506, 513222, '理县'),
(1507, 370213, '李沧区'),
(1508, 350502, '鲤城区'),
(1509, 610425, '礼泉县'),
(1510, 621226, '礼县'),
(1511, 522722, '荔波县'),
(1512, 350304, '荔城区'),
(1513, 450331, '荔蒲县'),
(1514, 440103, '荔湾区'),
(1515, 370112, '历城区'),
(1516, 370102, '历下区'),
(1517, 422802, '利川市'),
(1518, 370522, '利津县'),
(1519, 640302, '利通区'),
(1520, 341623, '利辛县'),
(1521, 210304, '立山区'),
(1522, 331102, '莲都区'),
(1523, 610104, '莲湖区'),
(1524, 360321, '莲花县'),
(1525, 350825, '连城县'),
(1526, 350122, '连江县'),
(1527, 441826, '连南瑶族自治县'),
(1528, 441623, '连平县'),
(1529, 211402, '连山区'),
(1530, 441825, '连山壮族瑶族自治县'),
(1531, 320703, '连云区'),
(1532, 441882, '连州市'),
(1533, 440881, '廉江市'),
(1534, 320826, '涟水县'),
(1535, 431382, '涟源市'),
(1536, 150925, '凉城县'),
(1537, 620602, '凉州区'),
(1538, 533122, '梁河县'),
(1539, 500228, '梁平县'),
(1540, 370832, '梁山县'),
(1541, 411402, '梁园区'),
(1542, 420702, '梁子湖区'),
(1543, 450108, '良庆区'),
(1544, 621228, '两当县'),
(1545, 211021, '辽阳县'),
(1546, 210122, '辽中县'),
(1547, 340604, '烈山区'),
(1548, 230623, '林甸县'),
(1549, 231025, '林口县'),
(1550, 150424, '林西县'),
(1551, 542621, '林芝县'),
(1552, 540121, '林周县'),
(1553, 410581, '林州市'),
(1554, 330185, '临安市'),
(1555, 130522, '临城县'),
(1556, 361002, '临川区'),
(1557, 469028, '临高县'),
(1558, 450322, '临桂县'),
(1559, 331082, '临海市'),
(1560, 150802, '临河区'),
(1561, 220681, '临江市'),
(1562, 371581, '临清市'),
(1563, 341221, '临泉县'),
(1564, 623021, '临潭县'),
(1565, 610502, '临渭区'),
(1566, 431025, '临武县'),
(1567, 130535, '临西县'),
(1568, 622901, '临夏市'),
(1569, 622921, '临夏县'),
(1570, 141124, '临县'),
(1571, 430682, '临湘市'),
(1572, 530902, '临翔区'),
(1573, 371424, '临邑县'),
(1574, 620723, '临泽县'),
(1575, 130423, '临漳县'),
(1576, 370305, '临淄区'),
(1577, 140821, '临猗县'),
(1578, 371329, '临沭县'),
(1579, 621124, '临洮县'),
(1580, 610115, '临潼区'),
(1581, 430724, '临澧县'),
(1582, 370724, '临朐县'),
(1583, 411122, '临颍县'),
(1584, 511623, '邻水县'),
(1585, 431102, '零陵区'),
(1586, 210781, '凌海市'),
(1587, 210703, '凌河区'),
(1588, 211382, '凌源市'),
(1589, 451027, '凌云县'),
(1590, 411282, '灵宝市'),
(1591, 450323, '灵川县'),
(1592, 140224, '灵丘县'),
(1593, 450721, '灵山县'),
(1594, 140729, '灵石县'),
(1595, 130126, '灵寿县'),
(1596, 620822, '灵台县'),
(1597, 640181, '灵武市'),
(1598, 341323, '灵璧县'),
(1599, 140524, '陵川县'),
(1600, 469034, '陵水黎族自治县'),
(1601, 371421, '陵县'),
(1602, 230503, '岭东区'),
(1603, 610729, '留坝县'),
(1604, 450205, '柳北区'),
(1605, 450222, '柳城县'),
(1606, 220524, '柳河县'),
(1607, 450221, '柳江县'),
(1608, 141125, '柳林县'),
(1609, 450204, '柳南区'),
(1610, 320116, '六合区'),
(1611, 520203, '六枝特区'),
(1612, 410506, '龙安区'),
(1613, 211303, '龙城区'),
(1614, 441622, '龙川县'),
(1615, 230603, '龙凤区'),
(1616, 440307, '龙岗区'),
(1617, 211403, '龙港区'),
(1618, 350681, '龙海市'),
(1619, 440507, '龙湖区'),
(1620, 460106, '龙华区'),
(1621, 230221, '龙江县'),
(1622, 222405, '龙井市'),
(1623, 370681, '龙口市'),
(1624, 522730, '龙里县'),
(1625, 530523, '龙陵县'),
(1626, 510504, '龙马潭区'),
(1627, 441324, '龙门县'),
(1628, 360727, '龙南县'),
(1629, 331181, '龙泉市'),
(1630, 510112, '龙泉驿区'),
(1631, 230202, '龙沙区'),
(1632, 220402, '龙山区'),
(1633, 433130, '龙山县'),
(1634, 450328, '龙胜各族自治县'),
(1635, 220203, '龙潭区'),
(1636, 410202, '龙亭区'),
(1637, 330303, '龙湾区'),
(1638, 350603, '龙文区'),
(1639, 330825, '龙游县'),
(1640, 451423, '龙州县'),
(1641, 340302, '龙子湖区'),
(1642, 450123, '隆安县'),
(1643, 511028, '隆昌县'),
(1644, 640423, '隆德县'),
(1645, 130825, '隆化县'),
(1646, 430524, '隆回县'),
(1647, 451031, '隆林各族自治县'),
(1648, 530502, '隆阳区'),
(1649, 130525, '隆尧县'),
(1650, 542231, '隆子县'),
(1651, 533124, '陇川县'),
(1652, 621122, '陇西县'),
(1653, 610327, '陇县'),
(1654, 140123, '娄烦县'),
(1655, 431302, '娄星区'),
(1656, 511826, '芦山县'),
(1657, 360323, '芦溪县'),
(1658, 430203, '芦淞区'),
(1659, 130324, '卢龙县'),
(1660, 411224, '卢氏县'),
(1661, 310103, '卢湾区'),
(1662, 341421, '庐江县'),
(1663, 360402, '庐山区'),
(1664, 340103, '庐阳区'),
(1665, 513327, '炉霍县'),
(1666, 530621, '鲁甸县'),
(1667, 410423, '鲁山县'),
(1668, 623026, '碌曲县'),
(1669, 130203, '路北区'),
(1670, 130202, '路南区'),
(1671, 331004, '路桥区'),
(1672, 330302, '鹿城区'),
(1673, 130185, '鹿泉市'),
(1674, 411628, '鹿邑县'),
(1675, 450223, '鹿寨县'),
(1676, 140481, '潞城市'),
(1677, 533103, '潞西市'),
(1678, 532331, '禄丰县'),
(1679, 530128, '禄劝彝族苗族自治县'),
(1680, 450922, '陆川县'),
(1681, 441581, '陆丰市'),
(1682, 441523, '陆河县'),
(1683, 530322, '陆良县'),
(1684, 210212, '旅顺口区'),
(1685, 532531, '绿春县'),
(1686, 220106, '绿园区'),
(1687, 130224, '滦南县'),
(1688, 130824, '滦平县'),
(1689, 130223, '滦县'),
(1690, 610727, '略阳县'),
(1691, 652822, '轮台县'),
(1692, 230421, '萝北县'),
(1693, 440116, '萝岗区'),
(1694, 451225, '罗城仫佬族自治县'),
(1695, 522728, '罗甸县'),
(1696, 445381, '罗定市'),
(1697, 440303, '罗湖区'),
(1698, 510626, '罗江县'),
(1699, 530324, '罗平县'),
(1700, 411521, '罗山县'),
(1701, 421123, '罗田县'),
(1702, 350123, '罗源县'),
(1703, 371311, '罗庄区'),
(1704, 610629, '洛川县'),
(1705, 350504, '洛江区'),
(1706, 410307, '洛龙区'),
(1707, 542132, '洛隆县'),
(1708, 611021, '洛南县'),
(1709, 410328, '洛宁县'),
(1710, 653224, '洛浦县'),
(1711, 542228, '洛扎县'),
(1712, 421181, '麻城市'),
(1713, 522635, '麻江县'),
(1714, 532624, '麻栗坡县'),
(1715, 230307, '麻山区'),
(1716, 431226, '麻阳苗族自治县'),
(1717, 440811, '麻章区'),
(1718, 632626, '玛多县'),
(1719, 652324, '玛纳斯县'),
(1720, 632621, '玛沁县'),
(1721, 623025, '玛曲县'),
(1722, 511133, '马边彝族自治县'),
(1723, 410804, '马村区'),
(1724, 513229, '马尔康县'),
(1725, 532625, '马关县'),
(1726, 530321, '马龙县'),
(1727, 450124, '马山县'),
(1728, 350105, '马尾区'),
(1729, 653127, '麦盖提县'),
(1730, 130621, '满城县'),
(1731, 150781, '满洲里市'),
(1732, 542129, '芒康县'),
(1733, 632824, '芒崖'),
(1734, 420302, '茅箭区'),
(1735, 440903, '茂港区'),
(1736, 440902, '茂南区'),
(1737, 513223, '茂县'),
(1738, 220581, '梅河口市'),
(1739, 441402, '梅江区'),
(1740, 230208, '梅里斯达斡尔族区'),
(1741, 350402, '梅列区'),
(1742, 441421, '梅县'),
(1743, 610326, '眉县'),
(1744, 513436, '美姑县'),
(1745, 460108, '美兰区'),
(1746, 230708, '美溪区'),
(1747, 110109, '门头沟区'),
(1748, 632221, '门源回族自治县'),
(1749, 341622, '蒙城县'),
(1750, 450423, '蒙山县'),
(1751, 371328, '蒙阴县'),
(1752, 532522, '蒙自县'),
(1753, 130930, '孟村回族自治县'),
(1754, 410322, '孟津县'),
(1755, 530827, '孟连傣族拉祜族佤族自治县'),
(1756, 410883, '孟州市'),
(1757, 532925, '弥渡县'),
(1758, 532526, '弥勒县'),
(1759, 542623, '米林县'),
(1760, 652303, '米泉市'),
(1761, 510421, '米易县'),
(1762, 610827, '米脂县'),
(1763, 411726, '泌阳县'),
(1764, 230382, '密山市'),
(1765, 110228, '密云县'),
(1766, 510683, '绵竹市'),
(1767, 513433, '冕宁县'),
(1768, 610725, '勉县'),
(1769, 653227, '民丰县'),
(1770, 632122, '民和回族土族自治县'),
(1771, 620722, '民乐县'),
(1772, 620621, '民勤县'),
(1773, 411421, '民权县'),
(1774, 350121, '闽侯县'),
(1775, 350124, '闽清县'),
(1776, 341182, '明光市'),
(1777, 210504, '明山区'),
(1778, 231225, '明水县'),
(1779, 350421, '明溪县'),
(1780, 511821, '名山县'),
(1781, 150722, '莫力达瓦达斡尔族自治旗'),
(1782, 530822, '墨江哈尼族自治县'),
(1783, 542624, '墨脱县'),
(1784, 653222, '墨玉县'),
(1785, 540127, '墨竹工卡县'),
(1786, 232723, '漠河县'),
(1787, 532323, '牟定县'),
(1788, 370612, '牟平区'),
(1789, 371702, '牡丹区'),
(1790, 230127, '木兰县'),
(1791, 652328, '木垒哈萨克自治县'),
(1792, 513422, '木里藏族自治县'),
(1793, 410711, '牧野区'),
(1794, 231085, '穆棱市'),
(1795, 451026, '那坡县'),
(1796, 542421, '那曲县'),
(1797, 510503, '纳溪区'),
(1798, 522426, '纳雍县'),
(1799, 542221, '乃东县'),
(1800, 150525, '奈曼旗'),
(1801, 350583, '南安市'),
(1802, 500108, '南岸区'),
(1803, 440523, '南澳县'),
(1804, 511321, '南部县'),
(1805, 230703, '南岔区'),
(1806, 360121, '南昌县'),
(1807, 320203, '南长区'),
(1808, 361021, '南城县'),
(1809, 500119, '南川区'),
(1810, 451221, '南丹县'),
(1811, 210505, '南芬区'),
(1812, 361023, '南丰县'),
(1813, 230103, '南岗区'),
(1814, 130581, '南宫市'),
(1815, 220102, '南关区'),
(1816, 440605, '南海区'),
(1817, 130527, '南和县'),
(1818, 532324, '南华县'),
(1819, 310119, '南汇区'),
(1820, 532926, '南涧彝族自治县'),
(1821, 511922, '南江县'),
(1822, 140211, '南郊区'),
(1823, 350627, '南靖县'),
(1824, 120104, '南开区'),
(1825, 360782, '南康市'),
(1826, 410923, '南乐县'),
(1827, 340223, '南陵县'),
(1828, 520102, '南明区'),
(1829, 542322, '南木林县'),
(1830, 130927, '南皮县'),
(1831, 211404, '南票区'),
(1832, 440115, '南沙区'),
(1833, 469038, '南沙群岛'),
(1834, 440305, '南山区'),
(1835, 230404, '南山区'),
(1836, 130604, '南市区'),
(1837, 511522, '南溪县'),
(1838, 430921, '南县'),
(1839, 440282, '南雄市'),
(1840, 430412, '南岳区');
INSERT INTO `fd_regions` (`id`, `code`, `name`) VALUES
(1841, 420624, '南漳县'),
(1842, 411321, '南召县'),
(1843, 610721, '南郑县'),
(1844, 341103, '南谯区'),
(1845, 330503, '南浔区'),
(1846, 632725, '囊谦县'),
(1847, 410527, '内黄县'),
(1848, 130523, '内丘县'),
(1849, 411325, '内乡县'),
(1850, 231121, '嫩江县'),
(1851, 654028, '尼勒克县'),
(1852, 542430, '尼玛县'),
(1853, 540123, '尼木县'),
(1854, 230207, '碾子山区'),
(1855, 542336, '聂拉木县'),
(1856, 542424, '聂荣县'),
(1857, 231084, '宁安市'),
(1858, 150429, '宁城县'),
(1859, 360730, '宁都县'),
(1860, 341881, '宁国市'),
(1861, 330226, '宁海县'),
(1862, 120221, '宁河县'),
(1863, 350424, '宁化县'),
(1864, 220702, '宁江区'),
(1865, 371422, '宁津县'),
(1866, 130528, '宁晋县'),
(1867, 411423, '宁陵县'),
(1868, 451422, '宁明县'),
(1869, 513427, '宁南县'),
(1870, 610726, '宁强县'),
(1871, 610923, '宁陕县'),
(1872, 140925, '宁武县'),
(1873, 621026, '宁县'),
(1874, 430124, '宁乡县'),
(1875, 370921, '宁阳县'),
(1876, 431126, '宁远县'),
(1877, 530724, '宁蒗彝族自治县'),
(1878, 220122, '农安县'),
(1879, 340406, '潘集区'),
(1880, 530103, '盘龙区'),
(1881, 211122, '盘山县'),
(1882, 520222, '盘县'),
(1883, 330727, '磐安县'),
(1884, 220284, '磐石市'),
(1885, 320322, '沛县'),
(1886, 511422, '彭山县'),
(1887, 500243, '彭水苗族土家族自治县'),
(1888, 640425, '彭阳县'),
(1889, 360430, '彭泽县'),
(1890, 510182, '彭州市'),
(1891, 511323, '蓬安县'),
(1892, 440703, '蓬江区'),
(1893, 370684, '蓬莱市'),
(1894, 510921, '蓬溪县'),
(1895, 653223, '皮山县'),
(1896, 140932, '偏关县'),
(1897, 632121, '平安县'),
(1898, 520421, '平坝县'),
(1899, 511923, '平昌县'),
(1900, 620403, '平川区'),
(1901, 140321, '平定县'),
(1902, 370283, '平度市'),
(1903, 230108, '平房区'),
(1904, 110117, '平谷区'),
(1905, 451023, '平果县'),
(1906, 350628, '平和县'),
(1907, 330482, '平湖市'),
(1908, 320503, '平江区'),
(1909, 430626, '平江县'),
(1910, 450330, '平乐县'),
(1911, 610926, '平利县'),
(1912, 140603, '平鲁区'),
(1913, 140829, '平陆县'),
(1914, 640221, '平罗县'),
(1915, 450821, '平南县'),
(1916, 411503, '平桥区'),
(1917, 130823, '平泉县'),
(1918, 210502, '平山区'),
(1919, 130131, '平山县'),
(1920, 140425, '平顺县'),
(1921, 350128, '平潭县'),
(1922, 522727, '平塘县'),
(1923, 510727, '平武县'),
(1924, 130532, '平乡县'),
(1925, 330326, '平阳县'),
(1926, 140728, '平遥县'),
(1927, 371326, '平邑县'),
(1928, 370124, '平阴县'),
(1929, 411723, '平舆县'),
(1930, 371426, '平原县'),
(1931, 441426, '平远县'),
(1932, 451481, '凭祥市'),
(1933, 532523, '屏边苗族自治县'),
(1934, 350923, '屏南县'),
(1935, 511529, '屏山县'),
(1936, 440804, '坡头区'),
(1937, 610526, '蒲城县'),
(1938, 510131, '蒲江县'),
(1939, 141033, '蒲县'),
(1940, 522323, '普安县'),
(1941, 520422, '普定县'),
(1942, 530821, '普洱哈尼族彝族自治县'),
(1943, 513428, '普格县'),
(1944, 210282, '普兰店市'),
(1945, 542521, '普兰县'),
(1946, 445281, '普宁市'),
(1947, 310107, '普陀区'),
(1948, 330903, '普陀区'),
(1949, 450722, '浦北县'),
(1950, 350722, '浦城县'),
(1951, 310115, '浦东新区'),
(1952, 330726, '浦江县'),
(1953, 320111, '浦口区'),
(1954, 320113, '栖霞区'),
(1955, 370686, '栖霞市'),
(1956, 320405, '戚墅堰区'),
(1957, 620103, '七里河区'),
(1958, 450305, '七星区'),
(1959, 652325, '奇台县'),
(1960, 371425, '齐河县'),
(1961, 430426, '祁东县'),
(1962, 632222, '祁连县'),
(1963, 341024, '祁门县'),
(1964, 140727, '祁县'),
(1965, 431121, '祁阳县'),
(1966, 320681, '启东市'),
(1967, 361124, '铅山县'),
(1968, 210311, '千山区'),
(1969, 610328, '千阳县'),
(1970, 130283, '迁安市'),
(1971, 130227, '迁西县'),
(1972, 220723, '乾安县'),
(1973, 610424, '乾县'),
(1974, 500114, '黔江区'),
(1975, 522423, '黔西县'),
(1976, 220721, '前郭尔罗斯蒙古族自治县'),
(1977, 230804, '前进区'),
(1978, 429005, '潜江市'),
(1979, 340824, '潜山县'),
(1980, 130103, '桥东区'),
(1981, 130502, '桥东区'),
(1982, 130702, '桥东区'),
(1983, 130503, '桥西区'),
(1984, 130703, '桥西区'),
(1985, 130104, '桥西区'),
(1986, 530622, '巧家县'),
(1987, 230904, '茄子河区'),
(1988, 652825, '且末县'),
(1989, 450703, '钦北区'),
(1990, 450702, '钦南区'),
(1991, 620522, '秦安县'),
(1992, 620502, '秦城区'),
(1993, 610402, '秦都区'),
(1994, 320104, '秦淮区'),
(1995, 140521, '沁水县'),
(1996, 140430, '沁县'),
(1997, 410882, '沁阳市'),
(1998, 140431, '沁源县'),
(1999, 510113, '青白江区'),
(2000, 510822, '青川县'),
(2001, 231223, '青冈县'),
(2002, 654325, '青河县'),
(2003, 130321, '青龙满族自治县'),
(2004, 310118, '青浦区'),
(2005, 360111, '青山湖区'),
(2006, 150204, '青山区'),
(2007, 420107, '青山区'),
(2008, 511425, '青神县'),
(2009, 331121, '青田县'),
(2010, 640381, '青铜峡市'),
(2011, 130922, '青县'),
(2012, 450103, '青秀区'),
(2013, 510105, '青羊区'),
(2014, 341723, '青阳县'),
(2015, 360803, '青原区'),
(2016, 360104, '青云谱区'),
(2017, 370781, '青州市'),
(2018, 441802, '清城区'),
(2019, 410922, '清丰县'),
(2020, 210905, '清河门区'),
(2021, 320802, '清河区'),
(2022, 211204, '清河区'),
(2023, 130534, '清河县'),
(2024, 610830, '清涧县'),
(2025, 350423, '清流县'),
(2026, 320811, '清浦区'),
(2027, 150124, '清水河县'),
(2028, 620521, '清水县'),
(2029, 441827, '清新县'),
(2030, 140121, '清徐县'),
(2031, 210423, '清原满族自治县'),
(2032, 130622, '清苑县'),
(2033, 520181, '清镇市'),
(2034, 522324, '晴隆县'),
(2035, 231224, '庆安县'),
(2036, 621021, '庆城县'),
(2037, 331126, '庆元县'),
(2038, 371423, '庆云县'),
(2039, 469002, '琼海市'),
(2040, 542225, '琼结县'),
(2041, 460107, '琼山区'),
(2042, 469036, '琼中黎族苗族自治县'),
(2043, 532626, '丘北县'),
(2044, 130430, '邱县'),
(2045, 370881, '曲阜市'),
(2046, 440205, '曲江区'),
(2047, 632726, '曲麻莱县'),
(2048, 540124, '曲水县'),
(2049, 542226, '曲松县'),
(2050, 141021, '曲沃县'),
(2051, 130634, '曲阳县'),
(2052, 130435, '曲周县'),
(2053, 511725, '渠县'),
(2054, 350505, '泉港区'),
(2055, 320311, '泉山区'),
(2056, 341124, '全椒县'),
(2057, 360729, '全南县'),
(2058, 450324, '全州县'),
(2059, 411725, '确山县'),
(2060, 513230, '壤塘县'),
(2061, 230604, '让胡路区'),
(2062, 230524, '饶河县'),
(2063, 445122, '饶平县'),
(2064, 131124, '饶阳县'),
(2065, 542330, '仁布县'),
(2066, 510411, '仁和区'),
(2067, 440224, '仁化县'),
(2068, 520382, '仁怀市'),
(2069, 511421, '仁寿县'),
(2070, 370811, '任城区'),
(2071, 130982, '任丘市'),
(2072, 130526, '任县'),
(2073, 542301, '日喀则市'),
(2074, 542524, '日土县'),
(2075, 500226, '荣昌县'),
(2076, 371082, '荣成市'),
(2077, 510321, '荣县'),
(2078, 450224, '融安县'),
(2079, 450225, '融水苗族自治县'),
(2080, 130629, '容城县'),
(2081, 450921, '容县'),
(2082, 320623, '如东县'),
(2083, 320682, '如皋市'),
(2084, 371083, '乳山市'),
(2085, 440232, '乳源瑶族自治县'),
(2086, 431026, '汝城县'),
(2087, 411727, '汝南县'),
(2088, 410326, '汝阳县'),
(2089, 410482, '汝州市'),
(2090, 330381, '瑞安市'),
(2091, 360481, '瑞昌市'),
(2092, 360781, '瑞金市'),
(2093, 533102, '瑞丽市'),
(2094, 321111, '润州区'),
(2095, 513232, '若尔盖县'),
(2096, 652824, '若羌县'),
(2097, 230602, '萨尔图区'),
(2098, 542337, '萨嘎县'),
(2099, 542325, '萨迦县'),
(2100, 150105, '赛罕区'),
(2101, 522732, '三都水族自治县'),
(2102, 131082, '三河市'),
(2103, 450226, '三江侗族自治县'),
(2104, 331022, '三门县'),
(2105, 340208, '三山区'),
(2106, 440607, '三水区'),
(2107, 522624, '三穗县'),
(2108, 510722, '三台县'),
(2109, 350403, '三元区'),
(2110, 610422, '三原县'),
(2111, 542224, '桑日县'),
(2112, 430822, '桑植县'),
(2113, 513333, '色达县'),
(2114, 653125, '莎车县'),
(2115, 210204, '沙河口区'),
(2116, 130582, '沙河市'),
(2117, 500106, '沙坪坝区'),
(2118, 640502, '沙坡头区'),
(2119, 421002, '沙市区'),
(2120, 511111, '沙湾区'),
(2121, 654223, '沙湾县'),
(2122, 350427, '沙县'),
(2123, 652924, '沙雅县'),
(2124, 420822, '沙洋县'),
(2125, 650103, '沙依巴克区'),
(2126, 410603, '山城区'),
(2127, 620725, '山丹县'),
(2128, 130303, '山海关区'),
(2129, 370406, '山亭区'),
(2130, 410811, '山阳区'),
(2131, 611024, '山阳县'),
(2132, 140621, '山阴县'),
(2133, 411222, '陕县'),
(2134, 411524, '商城县'),
(2135, 150923, '商都县'),
(2136, 370126, '商河县'),
(2137, 611023, '商南县'),
(2138, 411623, '商水县'),
(2139, 611002, '商州区'),
(2140, 411722, '上蔡县'),
(2141, 330102, '上城区'),
(2142, 230716, '上甘岭区'),
(2143, 360923, '上高县'),
(2144, 350823, '上杭县'),
(2145, 410106, '上街区'),
(2146, 360322, '上栗县'),
(2147, 450125, '上林县'),
(2148, 361121, '上饶县'),
(2149, 450621, '上思县'),
(2150, 360724, '上犹县'),
(2151, 330682, '上虞市'),
(2152, 130725, '尚义县'),
(2153, 230183, '尚志市'),
(2154, 430382, '韶山市'),
(2155, 430521, '邵东县'),
(2156, 350781, '邵武市'),
(2157, 430523, '邵阳县'),
(2158, 330621, '绍兴县'),
(2159, 510922, '射洪县'),
(2160, 320924, '射阳县'),
(2161, 130426, '涉县'),
(2162, 411327, '社旗县'),
(2163, 542426, '申扎县'),
(2164, 130128, '深泽县'),
(2165, 131182, '深州市'),
(2166, 140927, '神池县'),
(2167, 610821, '神木县'),
(2168, 429021, '神农架林区'),
(2169, 210113, '沈北新区'),
(2170, 210103, '沈河区'),
(2171, 411624, '沈丘县'),
(2172, 530323, '师宗县'),
(2173, 340703, '狮子山区'),
(2174, 522623, '施秉县'),
(2175, 530521, '施甸县'),
(2176, 360735, '石城县'),
(2177, 430204, '石峰区'),
(2178, 430407, '石鼓区'),
(2179, 150205, '石拐区'),
(2180, 659001, '石河子市'),
(2181, 110107, '石景山区'),
(2182, 530126, '石林彝族自治县'),
(2183, 410404, '石龙区'),
(2184, 141126, '石楼县'),
(2185, 430726, '石门县'),
(2186, 511824, '石棉县'),
(2187, 532525, '石屏县'),
(2188, 513332, '石渠县'),
(2189, 610922, '石泉县'),
(2190, 350581, '石狮市'),
(2191, 421081, '石首市'),
(2192, 341722, '石台县'),
(2193, 500240, '石柱土家族自治县'),
(2194, 522224, '石阡县'),
(2195, 510682, '什邡市'),
(2196, 440222, '始兴县'),
(2197, 370203, '市北区'),
(2198, 370202, '市南区'),
(2478, 370103, '市中区'),
(2479, 511102, '市中区'),
(2480, 370802, '市中区'),
(2481, 370402, '市中区'),
(2482, 510802, '市中区'),
(2483, 511002, '市中区'),
(2484, 370783, '寿光市'),
(2485, 350924, '寿宁县'),
(2486, 341521, '寿县'),
(2487, 140725, '寿阳县'),
(2488, 341523, '舒城县'),
(2489, 220283, '舒兰市'),
(2490, 653121, '疏附县'),
(2491, 653122, '疏勒县'),
(2492, 340104, '蜀山区'),
(2493, 532322, '双柏县'),
(2494, 230182, '双城市'),
(2495, 431321, '双峰县'),
(2496, 530925, '双江拉祜族佤族布朗族傣族自治县'),
(2497, 220382, '双辽市'),
(2498, 510122, '双流县'),
(2499, 130803, '双滦区'),
(2500, 431123, '双牌县'),
(2501, 130802, '双桥区'),
(2502, 500111, '双桥区'),
(2503, 430502, '双清区'),
(2504, 211302, '双塔区'),
(2505, 211102, '双台子区'),
(2506, 220112, '双阳区'),
(2507, 520221, '水城县'),
(2508, 530630, '水富县'),
(2509, 650105, '水磨沟区'),
(2510, 350721, '顺昌县'),
(2511, 210411, '顺城区'),
(2512, 440606, '顺德区'),
(2513, 410203, '顺河回族区'),
(2514, 130636, '顺平县'),
(2515, 511302, '顺庆区'),
(2516, 110113, '顺义区'),
(2517, 140602, '朔城区'),
(2518, 350203, '思明区'),
(2519, 522225, '思南县'),
(2520, 370205, '四方区'),
(2521, 230505, '四方台区'),
(2522, 441284, '四会市'),
(2523, 150929, '四子王旗'),
(2524, 230109, '松北区'),
(2525, 310117, '松江区'),
(2526, 232702, '松岭区'),
(2527, 513224, '松潘县'),
(2528, 150404, '松山区'),
(2529, 522229, '松桃苗族自治县'),
(2530, 350724, '松溪县'),
(2531, 331124, '松阳县'),
(2532, 421087, '松滋市'),
(2533, 210111, '苏家屯区'),
(2534, 152524, '苏尼特右旗'),
(2535, 152523, '苏尼特左旗'),
(2536, 431003, '苏仙区'),
(2537, 321302, '宿城区'),
(2538, 340826, '宿松县'),
(2539, 321311, '宿豫区'),
(2540, 620923, '肃北蒙古族自治县'),
(2541, 620721, '肃南裕固族自治县'),
(2542, 130926, '肃宁县'),
(2543, 620902, '肃州区'),
(2544, 230422, '绥滨县'),
(2545, 610826, '绥德县'),
(2546, 231081, '绥芬河市'),
(2547, 530626, '绥江县'),
(2548, 231226, '绥棱县'),
(2549, 430527, '绥宁县'),
(2550, 520323, '绥阳县'),
(2551, 211421, '绥中县'),
(2552, 331123, '遂昌县'),
(2553, 360827, '遂川县'),
(2554, 411728, '遂平县'),
(2555, 440823, '遂溪县'),
(2556, 231124, '孙吴县'),
(2557, 542427, '索县'),
(2558, 654201, '塔城市'),
(2559, 232722, '塔河县'),
(2560, 653131, '塔什库尔干塔吉克自治县'),
(2561, 210321, '台安县'),
(2562, 370405, '台儿庄区'),
(2563, 350103, '台江区'),
(2564, 522630, '台江县'),
(2565, 410927, '台前县'),
(2566, 440781, '台山市'),
(2567, 360826, '泰和县'),
(2568, 230224, '泰来县'),
(2569, 350429, '泰宁县'),
(2570, 370902, '泰山区'),
(2571, 330329, '泰顺县'),
(2572, 321283, '泰兴市'),
(2573, 610331, '太白县'),
(2574, 320585, '太仓市'),
(2575, 140726, '太谷县'),
(2576, 210711, '太和区'),
(2577, 341222, '太和县'),
(2578, 340825, '太湖县'),
(2579, 411627, '太康县'),
(2580, 210904, '太平区'),
(2581, 152527, '太仆寺旗'),
(2582, 211011, '太子河区'),
(2583, 230712, '汤旺河区'),
(2584, 410523, '汤阴县'),
(2585, 230828, '汤原县'),
(2586, 120107, '塘沽区'),
(2587, 130230, '唐海县'),
(2588, 411328, '唐河县'),
(2589, 130627, '唐县'),
(2590, 131102, '桃城区'),
(2591, 430922, '桃江县'),
(2592, 230903, '桃山区'),
(2593, 430725, '桃源县'),
(2594, 654027, '特克斯县'),
(2595, 450422, '藤县'),
(2596, 530522, '腾冲县'),
(2597, 341181, '天长市'),
(2598, 451425, '天等县'),
(2599, 451222, '天峨县'),
(2600, 440106, '天河区'),
(2601, 632823, '天峻县'),
(2602, 429006, '天门市'),
(2603, 320402, '天宁区'),
(2604, 370105, '天桥区'),
(2605, 511825, '天全县'),
(2606, 650102, '天山区'),
(2607, 331023, '天台县'),
(2608, 430103, '天心区'),
(2609, 430211, '天元区'),
(2610, 140222, '天镇县'),
(2611, 522627, '天柱县'),
(2612, 620623, '天祝藏族自治县'),
(2613, 451022, '田东县'),
(2614, 340403, '田家庵区'),
(2615, 451029, '田林县'),
(2616, 451021, '田阳县'),
(2617, 210302, '铁东区'),
(2618, 220303, '铁东区'),
(2619, 230204, '铁锋区'),
(2620, 230781, '铁力市'),
(2621, 211221, '铁岭县'),
(2622, 450512, '铁山港区'),
(2623, 420205, '铁山区'),
(2624, 210106, '铁西区'),
(2625, 220302, '铁西区'),
(2626, 210303, '铁西区'),
(2627, 320902, '亭湖区'),
(2628, 421222, '通城县'),
(2629, 511702, '通川区'),
(2630, 431230, '通道侗族自治县'),
(2631, 530423, '通海县'),
(2632, 230128, '通河县'),
(2633, 220521, '通化县'),
(2634, 511921, '通江县'),
(2635, 421224, '通山县'),
(2636, 621121, '通渭县'),
(2637, 410222, '通许县'),
(2638, 220822, '通榆县'),
(2639, 110112, '通州区'),
(2640, 320683, '通州市'),
(2641, 411330, '桐柏县'),
(2642, 340881, '桐城市'),
(2643, 330122, '桐庐县'),
(2644, 330483, '桐乡市'),
(2645, 520322, '桐梓县'),
(2646, 350212, '同安区'),
(2647, 632522, '同德县'),
(2648, 230881, '同江市'),
(2649, 632321, '同仁县'),
(2650, 640324, '同心县'),
(2651, 360926, '铜鼓县'),
(2652, 340702, '铜官山区'),
(2653, 500224, '铜梁县'),
(2654, 340721, '铜陵县'),
(2655, 522201, '铜仁市'),
(2656, 320323, '铜山县'),
(2657, 650106, '头屯河区'),
(2658, 152224, '突泉县'),
(2659, 222402, '图们市'),
(2660, 659003, '图木舒克市'),
(2661, 150221, '土默特右旗'),
(2662, 150121, '土默特左旗'),
(2663, 652101, '吐鲁番市'),
(2664, 421121, '团风县'),
(2665, 469026, '屯昌县'),
(2666, 140424, '屯留县'),
(2667, 341002, '屯溪区'),
(2668, 150122, '托克托县'),
(2669, 652123, '托克逊县'),
(2670, 654224, '托里县'),
(2671, 210281, '瓦房店市'),
(2672, 360105, '湾里区'),
(2673, 411302, '宛城区'),
(2674, 360828, '万安县'),
(2675, 140109, '万柏林区'),
(2676, 361129, '万年县'),
(2677, 469006, '万宁市'),
(2678, 130729, '万全县'),
(2679, 140822, '万荣县'),
(2680, 522230, '万山特区'),
(2681, 500110, '万盛区'),
(2682, 450403, '万秀区'),
(2683, 511781, '万源市'),
(2684, 360922, '万载县'),
(2685, 500101, '万州区'),
(2686, 222424, '汪清县'),
(2687, 610202, '王益区'),
(2688, 510821, '旺苍县'),
(2689, 430122, '望城县'),
(2690, 130631, '望都县'),
(2691, 210404, '望花区'),
(2692, 340827, '望江县'),
(2693, 231221, '望奎县'),
(2694, 522326, '望谟县'),
(2695, 522427, '威宁彝族回族苗族自治县'),
(2696, 130533, '威县'),
(2697, 530629, '威信县'),
(2698, 511024, '威远县'),
(2699, 532927, '巍山彝族回族自治县'),
(2700, 370826, '微山县'),
(2701, 130828, '围场满族蒙古族自治县'),
(2702, 370702, '潍城区'),
(2703, 533423, '维西傈僳族自治县'),
(2704, 321011, '维扬区'),
(2705, 610112, '未央区'),
(2706, 130726, '蔚县'),
(2707, 411002, '魏都区'),
(2708, 130434, '魏县'),
(2709, 610302, '渭滨区'),
(2710, 610404, '渭城区'),
(2711, 621123, '渭源县'),
(2712, 652823, '尉犁县'),
(2713, 410223, '尉氏县'),
(2714, 410703, '卫滨区'),
(2715, 410403, '卫东区'),
(2716, 410781, '卫辉市'),
(2717, 510115, '温江区'),
(2718, 331081, '温岭市'),
(2719, 652723, '温泉县'),
(2720, 652922, '温宿县'),
(2721, 410825, '温县'),
(2722, 131026, '文安县'),
(2723, 469005, '文昌市'),
(2724, 330328, '文成县'),
(2725, 371081, '文登市'),
(2726, 410502, '文峰区'),
(2727, 532621, '文山县'),
(2728, 211003, '文圣区'),
(2729, 141121, '文水县'),
(2730, 621222, '文县'),
(2731, 140823, '闻喜县'),
(2732, 150426, '翁牛特旗'),
(2733, 440229, '翁源县'),
(2734, 522725, '瓮安县'),
(2735, 341621, '涡阳县'),
(2736, 411303, '卧龙区'),
(2737, 500237, '巫山县'),
(2738, 500238, '巫溪县'),
(2739, 150304, '乌达区'),
(2740, 520112, '乌当区'),
(2741, 650205, '乌尔禾区'),
(2742, 150825, '乌拉特后旗'),
(2743, 150823, '乌拉特前旗'),
(2744, 150824, '乌拉特中旗'),
(2745, 152201, '乌兰浩特市'),
(2746, 632821, '乌兰县'),
(2747, 650121, '乌鲁木齐县'),
(2748, 230711, '乌马河区'),
(2749, 653024, '乌恰县'),
(2750, 150626, '乌审旗'),
(2751, 652927, '乌什县'),
(2752, 654202, '乌苏市'),
(2753, 230714, '乌伊岭区'),
(2754, 130130, '无极县'),
(2755, 341422, '无为县'),
(2756, 371623, '无棣县'),
(2757, 340221, '芜湖县'),
(2758, 610829, '吴堡县'),
(2759, 440883, '吴川市'),
(2760, 320584, '吴江市'),
(2761, 610626, '吴起县'),
(2762, 130928, '吴桥县'),
(2763, 330502, '吴兴区'),
(2764, 320506, '吴中区'),
(2765, 130481, '武安市'),
(2766, 420106, '武昌区'),
(2767, 371428, '武城县'),
(2768, 150125, '武川县'),
(2769, 532329, '武定县'),
(2770, 621202, '武都区'),
(2771, 430581, '武冈市'),
(2772, 610431, '武功县'),
(2773, 510107, '武侯区'),
(2774, 440203, '武江区'),
(2775, 320412, '武进区'),
(2776, 430702, '武陵区'),
(2777, 430811, '武陵源区'),
(2778, 500232, '武隆县'),
(2779, 450122, '武鸣县'),
(2780, 360423, '武宁县'),
(2781, 350824, '武平县'),
(2782, 131123, '武强县'),
(2783, 120114, '武清区'),
(2784, 620524, '武山县'),
(2785, 511622, '武胜县'),
(2786, 140429, '武乡县'),
(2787, 451323, '武宣县'),
(2788, 421182, '武穴市'),
(2789, 350782, '武夷山市'),
(2790, 131122, '武邑县'),
(2791, 330723, '武义县'),
(2792, 410823, '武陟县'),
(2793, 230184, '五常市'),
(2794, 231182, '五大连池市'),
(2795, 420529, '五峰土家族自治县'),
(2796, 340322, '五河县'),
(2797, 530102, '五华区'),
(2798, 441424, '五华县'),
(2799, 659004, '五家渠市'),
(2800, 371121, '五莲县'),
(2801, 140922, '五台县'),
(2802, 511112, '五通桥区'),
(2803, 230710, '五营区'),
(2804, 150821, '五原县'),
(2805, 140928, '五寨县'),
(2806, 469001, '五指山市'),
(2807, 410481, '舞钢市'),
(2808, 411121, '舞阳县'),
(2809, 420503, '伍家岗区'),
(2810, 520326, '务川仡佬族苗族自治县'),
(2811, 140724, '昔阳县'),
(2812, 231005, '西安区'),
(2813, 220403, '西安区'),
(2814, 513401, '西昌市'),
(2815, 110102, '西城区'),
(2816, 511325, '西充县'),
(2817, 532623, '西畴县'),
(2818, 211223, '西丰县'),
(2819, 621002, '西峰区'),
(2820, 210203, '西岗区'),
(2821, 410303, '西工区'),
(2822, 620104, '西固区'),
(2823, 621225, '西和县'),
(2824, 360103, '西湖区'),
(2825, 330106, '西湖区'),
(2826, 411622, '西华县'),
(2827, 640422, '西吉县'),
(2828, 230705, '西林区'),
(2829, 451030, '西林县'),
(2830, 420502, '西陵区'),
(2831, 530829, '西盟佤族自治县'),
(2832, 411721, '西平县'),
(2833, 120111, '西青区'),
(2834, 510403, '西区'),
(2835, 420203, '西塞山区'),
(2836, 469037, '西沙群岛'),
(2837, 530112, '西山区'),
(2838, 210803, '西市区'),
(2839, 152526, '西乌珠穆沁旗'),
(2840, 411323, '西峡县'),
(2841, 640105, '西夏区'),
(2842, 450107, '西乡塘区'),
(2843, 610724, '西乡县'),
(2844, 520402, '西秀区'),
(2845, 152502, '锡林浩特市'),
(2846, 320205, '锡山区'),
(2847, 520122, '息烽县'),
(2848, 411528, '息县'),
(2849, 210503, '溪湖区'),
(2850, 520330, '习水县'),
(2851, 513432, '喜德县'),
(2852, 210911, '细河区'),
(2853, 350921, '霞浦县'),
(2854, 440803, '霞山区'),
(2855, 360823, '峡江县'),
(2856, 330103, '下城区'),
(2857, 320107, '下关区'),
(2858, 130706, '下花园区'),
(2859, 420204, '下陆区'),
(2860, 623027, '夏河县'),
(2861, 371427, '夏津县'),
(2862, 140828, '夏县'),
(2863, 411426, '夏邑县'),
(2864, 331024, '仙居县'),
(2865, 429004, '仙桃市'),
(2866, 350322, '仙游县'),
(2867, 421202, '咸安区'),
(2868, 422826, '咸丰县'),
(2869, 130929, '献县'),
(2870, 320507, '相城区'),
(2871, 340603, '相山区'),
(2872, 152528, '镶黄旗'),
(2873, 230110, '香坊区'),
(2874, 533421, '香格里拉县'),
(2875, 131024, '香河县'),
(2876, 440402, '香洲区'),
(2877, 420602, '襄城区'),
(2878, 411025, '襄城县'),
(2879, 141023, '襄汾县'),
(2880, 420607, '襄阳区'),
(2881, 140423, '襄垣县'),
(2882, 360313, '湘东区'),
(2883, 445102, '湘桥区'),
(2884, 430321, '湘潭县'),
(2885, 430381, '湘乡市'),
(2886, 430624, '湘阴县'),
(2887, 513336, '乡城县'),
(2888, 141029, '乡宁县'),
(2889, 350213, '翔安区'),
(2890, 532923, '祥云县'),
(2891, 320921, '响水县'),
(2892, 411681, '项城市'),
(2893, 230803, '向阳区'),
(2894, 230402, '向阳区'),
(2895, 450304, '象山区'),
(2896, 330225, '象山县'),
(2897, 451322, '象州县'),
(2898, 330109, '萧山区'),
(2899, 341322, '萧县'),
(2900, 140105, '小店区'),
(2901, 520114, '小河区'),
(2902, 513227, '小金县'),
(2903, 420921, '孝昌县'),
(2904, 420902, '孝南区'),
(2905, 141181, '孝义市'),
(2906, 340404, '谢家集区'),
(2907, 542328, '谢通门县'),
(2908, 130181, '辛集市'),
(2909, 410323, '新安县'),
(2910, 150727, '新巴尔虎右旗'),
(2911, 150726, '新巴尔虎左旗'),
(2912, 320411, '新北区'),
(2913, 210422, '新宾满族自治县'),
(2914, 411729, '新蔡县'),
(2915, 330624, '新昌县'),
(2916, 150102, '新城区'),
(2917, 610102, '新城区'),
(2918, 510114, '新都区'),
(2919, 440233, '新丰县'),
(2920, 210402, '新抚区'),
(2921, 360824, '新干县'),
(2922, 652925, '新和县'),
(2923, 130530, '新河县'),
(2924, 130902, '新华区'),
(2925, 130105, '新华区'),
(2926, 410402, '新华区'),
(2927, 431322, '新化县'),
(2928, 431227, '新晃侗族自治县'),
(2929, 440705, '新会区'),
(2930, 360122, '新建县'),
(2931, 510132, '新津县'),
(2932, 130184, '新乐市'),
(2933, 232703, '新林区'),
(2934, 513329, '新龙县'),
(2935, 350802, '新罗区'),
(2936, 410183, '新密市'),
(2937, 210181, '新民市'),
(2938, 430528, '新宁县'),
(2939, 530427, '新平彝族傣族自治县'),
(2940, 320705, '新浦区'),
(2941, 230707, '新青区'),
(2942, 210903, '新邱区'),
(2943, 140212, '新荣区'),
(2944, 430522, '新邵县'),
(2945, 650104, '新市区'),
(2946, 130602, '新市区'),
(2947, 370982, '新泰市'),
(2948, 431128, '新田县'),
(2949, 411523, '新县'),
(2950, 410721, '新乡县'),
(2951, 230902, '新兴区'),
(2952, 445321, '新兴县'),
(2953, 411329, '新野县'),
(2954, 320381, '新沂市'),
(2955, 654025, '新源县'),
(2956, 410184, '新郑市'),
(2957, 420117, '新洲区'),
(2958, 140825, '新绛县'),
(2959, 451321, '忻城县'),
(2960, 140902, '忻府区'),
(2961, 360722, '信丰县'),
(2962, 440983, '信宜市'),
(2963, 361102, '信州区'),
(2964, 360427, '星子县'),
(2965, 230405, '兴安区'),
(2966, 450325, '兴安县'),
(2967, 451302, '兴宾区'),
(2968, 211481, '兴城市'),
(2969, 360732, '兴国县'),
(2970, 632524, '兴海县'),
(2971, 150924, '兴和县'),
(2972, 321281, '兴化市'),
(2973, 211103, '兴隆台区'),
(2974, 130822, '兴隆县'),
(2975, 450102, '兴宁区'),
(2976, 441481, '兴宁市'),
(2977, 610481, '兴平市'),
(2978, 640104, '兴庆区'),
(2979, 522322, '兴仁县'),
(2980, 230407, '兴山区'),
(2981, 420526, '兴山县'),
(2982, 511528, '兴文县'),
(2983, 141123, '兴县'),
(2984, 450924, '兴业县'),
(2985, 522301, '兴义市'),
(2986, 130521, '邢台县'),
(2987, 130125, '行唐县'),
(2988, 140107, '杏花岭区'),
(2989, 130638, '雄县'),
(2990, 341022, '休宁县'),
(2991, 360424, '修水县'),
(2992, 520123, '修文县'),
(2993, 410821, '修武县'),
(2994, 330402, '秀城区'),
(2995, 450302, '秀峰区'),
(2996, 500241, '秀山土家族苗族自治县'),
(2997, 460105, '秀英区'),
(2998, 350305, '秀屿区'),
(2999, 330411, '秀洲区'),
(3000, 310104, '徐汇区'),
(3001, 130625, '徐水县'),
(3002, 440825, '徐闻县'),
(3003, 411023, '许昌县'),
(3004, 510524, '叙永县'),
(3005, 422825, '宣恩县'),
(3006, 511722, '宣汉县'),
(3007, 130705, '宣化区'),
(3008, 130721, '宣化县'),
(3009, 530381, '宣威市'),
(3010, 110104, '宣武区'),
(3011, 341802, '宣州区'),
(3012, 320102, '玄武区'),
(3013, 370403, '薛城区'),
(3014, 632128, '循化撒拉族自治县'),
(3015, 610928, '旬阳县'),
(3016, 610429, '旬邑县'),
(3017, 530129, '寻甸回族彝族自治县'),
(3018, 360734, '寻乌县'),
(3019, 231123, '逊克县'),
(3020, 150782, '牙克石市'),
(3021, 513325, '雅江县'),
(3022, 542334, '亚东县'),
(3023, 652826, '焉耆回族自治县'),
(3024, 510422, '盐边县'),
(3025, 640323, '盐池县'),
(3026, 320903, '盐都区'),
(3027, 140802, '盐湖区'),
(3028, 530623, '盐津县'),
(3029, 130925, '盐山县'),
(3030, 440308, '盐田区'),
(3031, 510723, '盐亭县'),
(3032, 513423, '盐源县'),
(3033, 610621, '延长县'),
(3034, 610622, '延川县'),
(3035, 222401, '延吉市'),
(3036, 410726, '延津县'),
(3037, 350702, '延平区'),
(3038, 110229, '延庆县'),
(3039, 230129, '延寿县'),
(3040, 610114, '阎良区'),
(3041, 430225, '炎陵县'),
(3042, 522228, '沿河土家族自治县'),
(3043, 510311, '沿滩区'),
(3044, 532622, '砚山县'),
(3045, 430406, '雁峰区'),
(3046, 512002, '雁江区'),
(3047, 450311, '雁山区'),
(3048, 610113, '雁塔区'),
(3049, 610403, '杨凌区'),
(3050, 310110, '杨浦区'),
(3051, 321182, '扬中市'),
(3052, 610723, '洋县'),
(3053, 140522, '阳城县'),
(3054, 441781, '阳春市'),
(3055, 441723, '阳东县'),
(3056, 140221, '阳高县'),
(3057, 371521, '阳谷县'),
(3058, 231003, '阳明区'),
(3059, 140122, '阳曲县'),
(3060, 441823, '阳山县'),
(3061, 450321, '阳朔县'),
(3062, 441721, '阳西县'),
(3063, 420222, '阳新县'),
(3064, 371622, '阳信县'),
(3065, 130727, '阳原县'),
(3066, 532922, '漾濞彝族自治县'),
(3067, 340102, '瑶海区'),
(3068, 141002, '尧都区'),
(3069, 532325, '姚安县'),
(3070, 610204, '耀州区'),
(3071, 653126, '叶城县'),
(3072, 410422, '叶县'),
(3073, 230223, '依安县'),
(3074, 230123, '依兰县'),
(3075, 410329, '伊川县'),
(3076, 230702, '伊春区'),
(3077, 150627, '伊金霍洛旗'),
(3078, 654002, '伊宁市'),
(3079, 654021, '伊宁县'),
(3080, 220323, '伊通满族自治县'),
(3081, 652223, '伊吾县'),
(3082, 420506, '夷陵区'),
(3083, 511324, '仪陇县'),
(3084, 321081, '仪征市'),
(3085, 371321, '沂南县'),
(3086, 371323, '沂水县'),
(3087, 370323, '沂源县'),
(3088, 511521, '宜宾县'),
(3089, 420684, '宜城市'),
(3090, 610630, '宜川县'),
(3091, 420581, '宜都市'),
(3092, 360924, '宜丰县'),
(3093, 361026, '宜黄县'),
(3094, 610222, '宜君县'),
(3095, 530125, '宜良县'),
(3096, 320282, '宜兴市'),
(3097, 340811, '宜秀区'),
(3098, 410327, '宜阳县'),
(3099, 431022, '宜章县'),
(3100, 451281, '宜州市'),
(3101, 530628, '彝良县'),
(3102, 530425, '易门县'),
(3103, 130633, '易县'),
(3104, 411281, '义马市'),
(3105, 330782, '义乌市'),
(3106, 210727, '义县'),
(3107, 141022, '翼城县'),
(3108, 410505, '殷都区'),
(3109, 450503, '银海区'),
(3110, 211202, '银州区'),
(3111, 522226, '印江土家族苗族自治县'),
(3112, 610203, '印台区'),
(3113, 441881, '英德市'),
(3114, 653123, '英吉沙县'),
(3115, 421124, '英山县'),
(3116, 130804, '鹰手营子矿区'),
(3117, 420981, '应城市'),
(3118, 140622, '应县'),
(3119, 511322, '营山县'),
(3120, 340802, '迎江区'),
(3121, 140106, '迎泽区'),
(3122, 533123, '盈江县'),
(3123, 350481, '永安市'),
(3124, 620321, '永昌县'),
(3125, 411481, '永城市'),
(3126, 500118, '永川区'),
(3127, 350525, '永春县'),
(3128, 530923, '永德县'),
(3129, 620121, '永登县'),
(3130, 430802, '永定区'),
(3131, 350822, '永定县'),
(3132, 360825, '永丰县'),
(3133, 450326, '永福县'),
(3134, 141032, '永和县'),
(3135, 220221, '永吉县'),
(3136, 140881, '永济市'),
(3137, 330324, '永嘉县'),
(3138, 622923, '永靖县'),
(3139, 330784, '永康市'),
(3140, 130429, '永年县'),
(3141, 640121, '永宁县'),
(3142, 532928, '永平县'),
(3143, 131023, '永清县'),
(3144, 532327, '永仁县'),
(3145, 530625, '永善县'),
(3146, 530722, '永胜县'),
(3147, 610426, '永寿县'),
(3148, 433127, '永顺县'),
(3149, 350125, '永泰县'),
(3150, 360830, '永新县'),
(3151, 431023, '永兴县'),
(3152, 360425, '永修县'),
(3153, 350426, '尤溪县'),
(3154, 510704, '游仙区'),
(3155, 500242, '酉阳土家族苗族自治县'),
(3156, 230704, '友好区'),
(3157, 230522, '友谊县'),
(3158, 451002, '右江区'),
(3159, 140623, '右玉县'),
(3160, 360731, '于都县'),
(3161, 210114, '于洪区'),
(3162, 653226, '于田县'),
(3163, 140322, '盂县'),
(3164, 140702, '榆次区'),
(3165, 140721, '榆社县'),
(3166, 220182, '榆树市'),
(3167, 610802, '榆阳区'),
(3168, 620123, '榆中县'),
(3169, 411425, '虞城县'),
(3170, 361127, '余干县'),
(3171, 330110, '余杭区'),
(3172, 360622, '余江县'),
(3173, 520329, '余庆县'),
(3174, 330281, '余姚市'),
(3175, 450203, '鱼峰区'),
(3176, 370827, '鱼台县'),
(3177, 500112, '渝北区'),
(3178, 360502, '渝水区'),
(3179, 500103, '渝中区'),
(3180, 511802, '雨城区'),
(3181, 430302, '雨湖区'),
(3182, 430111, '雨花区'),
(3183, 320114, '雨花台区'),
(3184, 340504, '雨山区'),
(3185, 371482, '禹城市'),
(3186, 340304, '禹会区'),
(3187, 410205, '禹王台区'),
(3188, 411081, '禹州市'),
(3189, 331021, '玉环县'),
(3190, 530721, '玉龙纳西族自治县'),
(3191, 620981, '玉门市'),
(3192, 522223, '玉屏侗族自治县'),
(3193, 150104, '玉泉区'),
(3194, 361123, '玉山县'),
(3195, 632721, '玉树县'),
(3196, 130229, '玉田县'),
(3197, 450902, '玉州区'),
(3198, 445322, '郁南县'),
(3199, 341503, '裕安区'),
(3200, 130108, '裕华区'),
(3201, 654225, '裕民县'),
(3202, 510811, '元坝区'),
(3203, 210602, '元宝区'),
(3204, 150403, '元宝山区'),
(3205, 530428, '元江哈尼族彝族傣族自治县'),
(3206, 532328, '元谋县'),
(3207, 130132, '元氏县'),
(3208, 532528, '元阳县'),
(3209, 140827, '垣曲县'),
(3210, 360902, '袁州区'),
(3211, 140981, '原平市'),
(3212, 410725, '原阳县'),
(3213, 640402, '原州区'),
(3214, 441602, '源城区'),
(3215, 411102, '源汇区'),
(3216, 420525, '远安县'),
(3217, 330602, '越城区'),
(3218, 513434, '越西县'),
(3219, 440104, '越秀区'),
(3220, 511621, '岳池县'),
(3221, 430104, '岳麓区'),
(3222, 653128, '岳普湖县'),
(3223, 430304, '岳塘区'),
(3224, 340828, '岳西县'),
(3225, 430602, '岳阳楼区'),
(3226, 430621, '岳阳县'),
(3227, 360602, '月湖区'),
(3228, 445323, '云安县'),
(3229, 445302, '云城区'),
(3230, 331125, '云和县'),
(3231, 320303, '云龙区'),
(3232, 532929, '云龙县'),
(3233, 420923, '云梦县'),
(3234, 430603, '云溪区'),
(3235, 530922, '云县'),
(3236, 350622, '云霄县'),
(3237, 520103, '云岩区'),
(3238, 500235, '云阳县'),
(3239, 420322, '郧西县'),
(3240, 420321, '郧县'),
(3241, 130903, '运河区'),
(3242, 632722, '杂多县'),
(3243, 130129, '赞皇县'),
(3244, 131121, '枣强县'),
(3245, 420683, '枣阳市'),
(3246, 632323, '泽库县'),
(3247, 653124, '泽普县'),
(3248, 140525, '泽州县'),
(3249, 440183, '增城市'),
(3250, 421302, '曾都区'),
(3251, 150783, '扎兰屯市'),
(3252, 150526, '扎鲁特旗'),
(3253, 542222, '扎囊县'),
(3254, 152223, '扎赉特旗'),
(3255, 542522, '札达县'),
(3256, 310108, '闸北区'),
(3257, 371624, '沾化县'),
(3258, 530328, '沾益县'),
(3259, 210802, '站前区'),
(3260, 410411, '湛河区'),
(3261, 360982, '樟树市'),
(3262, 360702, '章贡区'),
(3263, 370181, '章丘市'),
(3264, 210922, '彰武县'),
(3265, 350881, '漳平市'),
(3266, 350623, '漳浦县'),
(3267, 621125, '漳县'),
(3268, 130722, '张北县'),
(3269, 370303, '张店区'),
(3270, 620525, '张家川回族自治县'),
(3271, 320582, '张家港市'),
(3272, 420303, '张湾区'),
(3273, 370685, '招远市'),
(3274, 513431, '昭觉县'),
(3275, 451121, '昭平县'),
(3276, 654026, '昭苏县'),
(3277, 530602, '昭阳区'),
(3278, 130133, '赵县'),
(3279, 231282, '肇东市'),
(3280, 230622, '肇源县'),
(3281, 230621, '肇州县'),
(3282, 411104, '召陵区'),
(3283, 522325, '贞丰县'),
(3284, 210604, '振安区'),
(3285, 210603, '振兴区'),
(3286, 611025, '镇安县'),
(3287, 610728, '镇巴县'),
(3288, 330211, '镇海区'),
(3289, 530924, '镇康县'),
(3290, 520423, '镇宁布依族苗族自治县'),
(3291, 610927, '镇坪县'),
(3292, 411324, '镇平县'),
(3293, 530627, '镇雄县'),
(3294, 621027, '镇原县'),
(3295, 522625, '镇远县'),
(3296, 530825, '镇沅彝族哈尼族拉祜族自治县'),
(3297, 220821, '镇赉县'),
(3298, 430408, '蒸湘区'),
(3299, 520324, '正安县'),
(3300, 130123, '正定县'),
(3301, 152530, '正蓝旗'),
(3302, 621025, '正宁县'),
(3303, 152529, '正镶白旗'),
(3304, 411724, '正阳县'),
(3305, 350725, '政和县'),
(3306, 370602, '芝罘区'),
(3307, 420583, '枝江市'),
(3308, 522425, '织金县'),
(3309, 610625, '志丹县'),
(3310, 632724, '治多县'),
(3311, 431221, '中方县'),
(3312, 510623, '中江县'),
(3313, 410122, '中牟县'),
(3314, 640521, '中宁县'),
(3315, 469039, '中沙群岛的岛礁及其海域'),
(3316, 210202, '中山区'),
(3317, 442001, '中山市市辖区'),
(3318, 141129, '中阳县'),
(3319, 410102, '中原区'),
(3320, 410803, '中站区'),
(3321, 500233, '忠县'),
(3322, 320404, '钟楼区'),
(3323, 520201, '钟山区'),
(3324, 451122, '钟山县'),
(3325, 420881, '钟祥市'),
(3326, 542333, '仲巴县'),
(3327, 623023, '舟曲县'),
(3328, 370306, '周村区'),
(3329, 350925, '周宁县'),
(3330, 610124, '周至县'),
(3331, 360203, '珠山区'),
(3332, 430405, '珠晖区'),
(3333, 430221, '株洲县'),
(3334, 370782, '诸城市'),
(3335, 330681, '诸暨市'),
(3336, 420323, '竹山县'),
(3337, 420324, '竹溪县'),
(3338, 210283, '庄河市'),
(3339, 620825, '庄浪县'),
(3340, 150622, '准格尔旗'),
(3341, 623022, '卓尼县'),
(3342, 150921, '卓资县'),
(3343, 361028, '资溪县'),
(3344, 431081, '资兴市'),
(3345, 430902, '资阳区'),
(3346, 450329, '资源县'),
(3347, 511025, '资中县'),
(3348, 370302, '淄川区'),
(3349, 441621, '紫金县'),
(3350, 610924, '紫阳县'),
(3351, 520425, '紫云苗族布依族自治县'),
(3352, 610623, '子长县'),
(3353, 610831, '子洲县'),
(3354, 510302, '自流井区'),
(3355, 370883, '邹城市'),
(3356, 371626, '邹平县'),
(3357, 130281, '遵化市'),
(3358, 520321, '遵义县'),
(3359, 542128, '左贡县'),
(3360, 140722, '左权县'),
(3361, 140226, '左云县'),
(3362, 611026, '柞水县'),
(3363, 430223, '攸县'),
(3364, 653129, '伽师县'),
(3365, 410381, '偃师市'),
(3366, 469003, '儋州市'),
(3367, 370882, '兖州市'),
(3368, 230281, '讷河市'),
(3369, 350624, '诏安县'),
(3370, 341602, '谯城区'),
(3371, 141031, '隰县'),
(3372, 321003, '邗江区'),
(3373, 510183, '邛崃市'),
(3374, 320382, '邳州市'),
(3375, 410425, '郏县'),
(3376, 371725, '郓城县'),
(3377, 510124, '郫县'),
(3378, 371322, '郯城县'),
(3379, 411103, '郾城区'),
(3380, 371726, '鄄城县'),
(3381, 411024, '鄢陵县'),
(3382, 330212, '鄞州区'),
(3383, 361128, '鄱阳县'),
(3384, 652122, '鄯善县'),
(3385, 532822, '勐海县'),
(3386, 532823, '勐腊县'),
(3387, 350602, '芗城区'),
(3388, 430102, '芙蓉区'),
(3389, 431228, '芷江侗族自治县'),
(3390, 140830, '芮城县'),
(3391, 371523, '茌平县'),
(3392, 371327, '莒南县'),
(3393, 371122, '莒县'),
(3394, 511822, '荥经县'),
(3395, 410182, '荥阳市'),
(3396, 371522, '莘县'),
(3397, 421126, '蕲春县'),
(3398, 130182, '藁城市'),
(3399, 340203, '弋江区'),
(3400, 361126, '弋阳县'),
(3401, 610323, '岐山县'),
(3402, 522626, '岑巩县'),
(3403, 450481, '岑溪市'),
(3404, 610925, '岚皋县'),
(3405, 371103, '岚山区'),
(3406, 141127, '岚县'),
(3407, 140929, '岢岚县'),
(3408, 210323, '岫岩满族自治县'),
(3409, 330921, '岱山县'),
(3410, 370903, '岱岳区'),
(3411, 621126, '岷县'),
(3412, 370404, '峄城区'),
(3413, 370212, '崂山区'),
(3414, 620802, '崆峒区'),
(3415, 330683, '嵊州市'),
(3416, 330922, '嵊泗县'),
(3417, 530127, '嵩明县'),
(3418, 410325, '嵩县'),
(3419, 330803, '衢江区'),
(3420, 410304, '廛河回族区'),
(3421, 310112, '闵行区'),
(3422, 511381, '阆中市'),
(3423, 430981, '沅江市'),
(3424, 431222, '沅陵县'),
(3425, 511129, '沐川县'),
(3426, 430681, '汨罗市'),
(3427, 513221, '汶川县'),
(3428, 370830, '汶上县'),
(3429, 321322, '沭阳县'),
(3430, 513322, '泸定县'),
(3431, 533321, '泸水县'),
(3432, 532527, '泸西县'),
(3433, 433122, '泸溪县'),
(3434, 510521, '泸县'),
(3435, 321324, '泗洪县'),
(3436, 370831, '泗水县'),
(3437, 341324, '泗县'),
(3438, 321323, '泗阳县'),
(3439, 620821, '泾川县'),
(3440, 341823, '泾县'),
(3441, 610423, '泾阳县'),
(3442, 640424, '泾源县'),
(3443, 440204, '浈江区'),
(3444, 220802, '洮北区'),
(3445, 220881, '洮南市'),
(3446, 430181, '浏阳市'),
(3447, 360403, '浔阳区'),
(3448, 130623, '涞水县'),
(3449, 130630, '涞源县'),
(3450, 421125, '浠水县'),
(3451, 410611, '淇滨区'),
(3452, 410622, '淇县'),
(3453, 411326, '淅川县'),
(3454, 130731, '涿鹿县'),
(3455, 130681, '涿州市'),
(3456, 411221, '渑池县'),
(3457, 630123, '湟源县'),
(3458, 630122, '湟中县'),
(3459, 431224, '溆浦县'),
(3460, 520328, '湄潭县'),
(3461, 320124, '溧水县'),
(3462, 320481, '溧阳市'),
(3463, 411526, '潢川县'),
(3464, 610522, '潼关县'),
(3465, 500223, '潼南县'),
(3466, 340621, '濉溪县'),
(3467, 430723, '澧县'),
(3468, 410928, '濮阳县'),
(3469, 440512, '濠江区'),
(3470, 610111, '灞桥区'),
(3471, 621223, '宕昌县'),
(3472, 330702, '婺城区'),
(3473, 361130, '婺源县'),
(3474, 411702, '驿城区'),
(3475, 140826, '绛县'),
(3476, 331122, '缙云县'),
(3477, 450109, '邕宁区'),
(3478, 511526, '珙县'),
(3479, 222404, '珲春市'),
(3480, 500227, '璧山县'),
(3481, 410221, '杞县'),
(3482, 340823, '枞阳县'),
(3483, 411424, '柘城县'),
(3484, 350926, '柘荣县'),
(3485, 230826, '桦川县'),
(3486, 220282, '桦甸市'),
(3487, 230822, '桦南县'),
(3488, 130124, '栾城县'),
(3489, 410324, '栾川县'),
(3490, 510725, '梓潼县'),
(3491, 445202, '榕城区'),
(3492, 522632, '榕江县'),
(3493, 330304, '瓯海区'),
(3494, 511123, '犍为县'),
(3495, 370481, '滕州市'),
(3496, 341021, '歙县'),
(3497, 341825, '旌德县'),
(3498, 510603, '旌阳区'),
(3499, 440604, '禅城区'),
(3500, 341321, '砀山县'),
(3501, 150822, '磴口县'),
(3502, 320830, '盱眙县'),
(3503, 320324, '睢宁县'),
(3504, 411422, '睢县'),
(3505, 411403, '睢阳区'),
(3506, 420527, '秭归县'),
(3507, 140824, '稷山县'),
(3508, 340207, '鸠江区'),
(3509, 430481, '耒阳市'),
(3510, 450804, '覃塘区'),
(3511, 341203, '颍东区'),
(3512, 341204, '颍泉区'),
(3513, 341226, '颍上县'),
(3514, 341202, '颍州区'),
(3515, 220281, '蛟河市'),
(3516, 130635, '蠡县'),
(3517, 511527, '筠连县'),
(3518, 500222, '綦江县'),
(3519, 430281, '醴陵市'),
(3520, 210804, '鲅鱼圈区'),
(3521, 530302, '麒麟区'),
(3522, 610329, '麟游县'),
(3523, 341023, '黟县');

-- --------------------------------------------------------

--
-- 表的结构 `fd_sms_record`
--

CREATE TABLE IF NOT EXISTS `fd_sms_record` (
  `id` int(11) NOT NULL AUTO_INCREMENT,
  `mobile` varchar(21) NOT NULL DEFAULT '',
  `action` varchar(20) NOT NULL DEFAULT '',
  `content` varchar(200) NOT NULL DEFAULT '',
  `ctime` int(11) unsigned NOT NULL DEFAULT '0' COMMENT '创建时间',
  PRIMARY KEY (`id`)
) ENGINE=MyISAM  DEFAULT CHARSET=utf8 COMMENT='短信内容' AUTO_INCREMENT=17 ;

--
-- 转存表中的数据 `fd_sms_record`
--

INSERT INTO `fd_sms_record` (`id`, `mobile`, `action`, `content`, `ctime`) VALUES
(6, '13682301034', 'login', '您好，您的验证码是896644请不要泄露给他人。若非本人操作，可不必理会此信息！【美到家】', 0),
(7, '18938688660', 'login', '您好，您的验证码是973147请不要泄露给他人。若非本人操作，可不必理会此信息！【美到家】', 1441504769),
(8, '18938688660', 'login', '您好，您的验证码是768378请不要泄露给他人。若非本人操作，可不必理会此信息！【美到家】', 1441978958),
(9, '18938688660', 'login', '您好，您的验证码是818905请不要泄露给他人。若非本人操作，可不必理会此信息！【美到家】', 1441987854),
(10, '13620962610', 'login', '您好，您的验证码是698401请不要泄露给他人。若非本人操作，可不必理会此信息！【美到家】', 1442149896),
(11, '13620962610', 'login', '您好，您的验证码是552687请不要泄露给他人。若非本人操作，可不必理会此信息！【美到家】', 1442152305),
(12, '18938688660', 'login', '您好，您的验证码是634700请不要泄露给他人。若非本人操作，可不必理会此信息！【美到家】', 1442156120),
(13, '13620962610', 'login', '您好，您的验证码是786306请不要泄露给他人。若非本人操作，可不必理会此信息！【美到家】', 1442200936),
(14, '13620962610', 'login', '您好，您的验证码是820722请不要泄露给他人。若非本人操作，可不必理会此信息！【美到家】', 1442202780),
(15, '13620962610', 'login', '您好，您的验证码是874187请不要泄露给他人。若非本人操作，可不必理会此信息！【美到家】', 1442236911),
(16, '13620962610', 'login', '您好，您的验证码是016355请不要泄露给他人。若非本人操作，可不必理会此信息！【美到家】', 1442237095);

-- --------------------------------------------------------

--
-- 表的结构 `fd_testreport`
--

CREATE TABLE IF NOT EXISTS `fd_testreport` (
  `id` int(11) NOT NULL AUTO_INCREMENT,
  `btime` int(10) unsigned NOT NULL DEFAULT '0',
  `ctime` int(10) unsigned NOT NULL DEFAULT '0',
  `code` varchar(50) NOT NULL DEFAULT '',
  `content` text NOT NULL,
  `download` varchar(100) NOT NULL DEFAULT '',
  PRIMARY KEY (`id`)
) ENGINE=MyISAM  DEFAULT CHARSET=utf8 AUTO_INCREMENT=2 ;

--
-- 转存表中的数据 `fd_testreport`
--

INSERT INTO `fd_testreport` (`id`, `btime`, `ctime`, `code`, `content`, `download`) VALUES
(1, 2015, 2015, 'fdfdasfdas', '&lt;p&gt;江城吹角水茫茫，&lt;/p&gt;&lt;p&gt;曲引边声怨思长。&lt;/p&gt;&lt;p&gt;惊起暮天沙上雁，&lt;/p&gt;&lt;p&gt;海门斜去两三行。&lt;/p&gt;&lt;p&gt;&lt;br/&gt;&lt;/p&gt;', '/foodcase/Uploads/fundings/report/2015-09-21/55ffb5f31af1b.pdf');

-- --------------------------------------------------------

--
-- 表的结构 `fd_test_items`
--

CREATE TABLE IF NOT EXISTS `fd_test_items` (
  `id` int(11) NOT NULL AUTO_INCREMENT,
  `name` varchar(50) NOT NULL DEFAULT '',
  PRIMARY KEY (`id`)
) ENGINE=MyISAM  DEFAULT CHARSET=utf8 AUTO_INCREMENT=85 ;

--
-- 转存表中的数据 `fd_test_items`
--

INSERT INTO `fd_test_items` (`id`, `name`) VALUES
(44, '铜绿假单胞菌'),
(43, '空肠弯曲菌'),
(42, '阪崎肠杆菌'),
(41, '霍乱弧菌'),
(40, '单核细胞增生李斯特氏菌'),
(39, '肠球菌'),
(38, '蜡样芽胞杆菌'),
(37, '产气荚膜梭菌'),
(36, '溶血性链球菌'),
(35, '金黄色葡萄球菌'),
(34, '副溶血性弧菌'),
(33, '大肠埃希氏菌'),
(32, '志贺氏菌'),
(31, '沙门氏菌'),
(30, '霉菌'),
(28, '细菌总数'),
(29, '大肠菌群'),
(45, '双歧杆菌'),
(46, '嗜热菌芽孢'),
(47, '罐头食品商业无菌检验等'),
(48, '过氧化值'),
(49, '酸价等'),
(50, '酸度检测'),
(51, '三聚氰胺'),
(52, '克伦特罗'),
(53, '莱克多巴胺'),
(54, '沙丁胺醇'),
(55, '孔雀石绿'),
(56, '甲醛'),
(57, '结晶紫等'),
(58, '色素'),
(59, '柠檬黄'),
(60, '苋菜红'),
(61, '日落黄'),
(62, '胭脂红'),
(63, '赤藓红'),
(64, '亮蓝等'),
(65, '有机酸'),
(66, '乙酰磺胺酸钾'),
(67, '环己基氨基磺酸等'),
(68, '对羟基苯甲酸丙酯等'),
(69, '对羟基苯甲酸乙酯'),
(70, '防腐剂'),
(71, '亚硫酸盐'),
(72, '二氧化硫等'),
(73, '漂白剂'),
(74, '抗氧化剂'),
(75, '铅'),
(76, '铬'),
(77, '镉'),
(78, '砷'),
(79, '镉'),
(80, '农药残留'),
(81, '拟除虫菊酯'),
(82, '亚硝酸盐'),
(83, '黄曲霉毒素'),
(84, '硝基呋喃及代谢物');

-- --------------------------------------------------------

--
-- 表的结构 `fd_verification_code`
--

CREATE TABLE IF NOT EXISTS `fd_verification_code` (
  `id` int(11) NOT NULL AUTO_INCREMENT,
  `memberid` int(10) unsigned NOT NULL DEFAULT '0',
  `code` varchar(10) NOT NULL DEFAULT '',
  `isused` tinyint(3) unsigned NOT NULL DEFAULT '0',
  `ctime` int(10) unsigned NOT NULL DEFAULT '0',
  `expires_in` int(10) unsigned NOT NULL DEFAULT '0',
  `mobile` varchar(20) NOT NULL DEFAULT '',
  PRIMARY KEY (`id`)
) ENGINE=MyISAM  DEFAULT CHARSET=utf8 AUTO_INCREMENT=17 ;

--
-- 转存表中的数据 `fd_verification_code`
--

INSERT INTO `fd_verification_code` (`id`, `memberid`, `code`, `isused`, `ctime`, `expires_in`, `mobile`) VALUES
(5, 18, '896644', 0, 1440748054, 1441352854, '13682301034'),
(7, 40, '973147', 0, 1441504769, 1441505369, '18938688660'),
(8, 52, '768378', 0, 1441978958, 1441979558, '18938688660'),
(9, 52, '818905', 0, 1441987854, 1441988454, '18938688660'),
(10, 53, '698401', 1, 1442149896, 1442150496, '13620962610'),
(11, 53, '552687', 1, 1442152305, 1442152905, '13620962610'),
(12, 52, '634700', 1, 1442156120, 1442156720, '18938688660'),
(13, 53, '786306', 1, 1442200936, 1442201536, '13620962610'),
(14, 53, '820722', 1, 1442202780, 1442203380, '13620962610'),
(15, 53, '874187', 1, 1442236911, 1442237511, '13620962610'),
(16, 53, '016355', 1, 1442237095, 1442237695, '13620962610');

-- --------------------------------------------------------

--
-- 表的结构 `fd_wx_pay_log`
--

CREATE TABLE IF NOT EXISTS `fd_wx_pay_log` (
  `id` int(11) unsigned NOT NULL AUTO_INCREMENT,
  `ordernum` varchar(20) DEFAULT NULL,
  `content` text,
  `ctime` int(11) DEFAULT NULL,
  `return_code` varchar(20) DEFAULT NULL,
  PRIMARY KEY (`id`)
) ENGINE=InnoDB  DEFAULT CHARSET=utf8 AUTO_INCREMENT=8 ;

--
-- 转存表中的数据 `fd_wx_pay_log`
--

INSERT INTO `fd_wx_pay_log` (`id`, `ordernum`, `content`, `ctime`, `return_code`) VALUES
(2, '241b99c61f3b63d2180d', '{"appid":"wx992a712e55c41b92","bank_type":"CFT","cash_fee":"1","fee_type":"CNY","is_subscribe":"N","mch_id":"1243545302","nonce_str":"vbc1g6xjk09b8qw2ssq1id2gzdng0x0l","openid":"opZstt54tra2I0UUwV_lV2TYT664","out_trade_no":"241b99c61f3b63d2180d1f455e6bd03f","result_code":"SUCCESS","return_code":"SUCCESS","sign":"7D274C10534DA485A938B629BEAA3F8D","time_end":"20150911184525","total_fee":"1","trade_type":"APP","transaction_id":"1005220139201509110849350509"}', 1441968326, 'SUCCESS'),
(3, '1bd0326bcaed90d84071', '{"appid":"wx992a712e55c41b92","bank_type":"CFT","cash_fee":"1","fee_type":"CNY","is_subscribe":"N","mch_id":"1243545302","nonce_str":"ho0z9pg4yfve1m8jwwfas4qw8hg8az3o","openid":"opZstt54tra2I0UUwV_lV2TYT664","out_trade_no":"1bd0326bcaed90d840713160cd3d1597","result_code":"SUCCESS","return_code":"SUCCESS","sign":"CEF956CD502DA7B6EEECBFB0836DFDC0","time_end":"20150911184701","total_fee":"1","trade_type":"APP","transaction_id":"1005220139201509110849390020"}', 1441968422, 'SUCCESS'),
(4, '1441968534', '{"appid":"wx992a712e55c41b92","bank_type":"CFT","cash_fee":"1","fee_type":"CNY","is_subscribe":"N","mch_id":"1243545302","nonce_str":"msfeex0db7cw0bj9lf6tbs6fq3kt2rpx","openid":"opZstt54tra2I0UUwV_lV2TYT664","out_trade_no":"1441968534","result_code":"SUCCESS","return_code":"SUCCESS","sign":"421C94C4604AD36A3D5EFC0B501BACB2","time_end":"20150911184902","total_fee":"1","trade_type":"APP","transaction_id":"1005220139201509110849399066"}', 1441968542, 'SUCCESS'),
(5, '1442156188', '{"appid":"wx992a712e55c41b92","bank_type":"CFT","cash_fee":"1","fee_type":"CNY","is_subscribe":"N","mch_id":"1243545302","nonce_str":"y2kqcxz883u0a4j763kldk45rgubjh48","openid":"opZstt54tra2I0UUwV_lV2TYT664","out_trade_no":"1442156188","result_code":"SUCCESS","return_code":"SUCCESS","sign":"B97AC02B9222684EB285E8D0129C551D","time_end":"20150913225639","total_fee":"1","trade_type":"APP","transaction_id":"1005220139201509130872622782"}', 1442156201, 'SUCCESS'),
(6, '1442195355', '{"appid":"wx992a712e55c41b92","bank_type":"CFT","cash_fee":"1","fee_type":"CNY","is_subscribe":"N","mch_id":"1243545302","nonce_str":"j5zgxvbazkaj7sqvz85sx5h5zpkw3pq0","openid":"opZstt54tra2I0UUwV_lV2TYT664","out_trade_no":"1442195355","result_code":"SUCCESS","return_code":"SUCCESS","sign":"03A917591D6FFED78319E22329122094","time_end":"20150914095038","total_fee":"1","trade_type":"APP","transaction_id":"1005220139201509140874147703"}', 1442195440, 'SUCCESS'),
(7, '137|1442237209', '{"appid":"wx992a712e55c41b92","bank_type":"CEB_DEBIT","cash_fee":"1","fee_type":"CNY","is_subscribe":"N","mch_id":"1243545302","nonce_str":"pqj0eu2cdtndt1frttihfkbuy0egrk6x","openid":"opZsttzwfIdnsHo559Ksod1sKTp0","out_trade_no":"137|1442237209","result_code":"SUCCESS","return_code":"SUCCESS","sign":"CE7F7A6BAA1642B3D533DF4EF0F76F11","time_end":"20150914212706","total_fee":"1","trade_type":"APP","transaction_id":"1010020139201509140881166581"}', 1442237227, 'SUCCESS');

/*!40101 SET CHARACTER_SET_CLIENT=@OLD_CHARACTER_SET_CLIENT */;
/*!40101 SET CHARACTER_SET_RESULTS=@OLD_CHARACTER_SET_RESULTS */;
/*!40101 SET COLLATION_CONNECTION=@OLD_COLLATION_CONNECTION */;
